player,clutch_fg_pct,normal_fg_pct,fg_pct_diff,clutch_to_rate,normal_to_rate,to_rate_diff,clutch_game_score_min,normal_game_score_min,gs_diff,year
A. Davis,0.5703703703703704,0.5265748031496063,0.043795567220764164,7.5,2.0217391304347827,5.478260869565217,163.50000000000003,20.65652173913043,142.8434782608696,2015
E. Fournier,0.40268456375838924,0.45305164319248825,-0.050367079434099016,9.5,1.3695652173913044,8.130434782608695,46.15000000000001,5.328260869565219,40.82173913043479,2015
N. Vucevic,0.5091743119266054,0.5263157894736842,-0.01714147754707873,15.0,2.5652173913043477,12.434782608695652,84.6,15.252173913043478,69.34782608695652,2015
J. Holiday,0.3803921568627451,0.4485981308411215,-0.06820597397837641,19.0,1.934782608695652,17.065217391304348,57.44999999999999,6.550000000000002,50.899999999999984,2015
K. O'Quinn,0.4393939393939394,0.5113636363636364,-0.07196969696969696,8.5,0.8260869565217391,7.673913043478261,21.34999999999999,2.48695652173913,18.86304347826086,2015
E. Payton,0.4869109947643979,0.402321083172147,0.08458991159225093,26.5,3.260869565217391,23.23913043478261,53.94999999999999,3.8086956521739155,50.14130434782607,2015
T. Evans,0.3978494623655914,0.4564047362755651,-0.058555273909973726,25.5,4.369565217391305,21.130434782608695,57.749999999999986,10.123913043478263,47.626086956521725,2015
O. Asik,0.46938775510204084,0.514745308310992,-0.04535755320895113,7.5,1.8478260869565217,5.6521739130434785,26.85,7.969565217391303,18.8804347826087,2015
T. Harris,0.5,0.45695364238410596,0.04304635761589404,9.5,2.0869565217391304,7.413043478260869,83.05000000000003,11.23913043478261,71.81086956521742,2015
E. Gordon,0.4206896551724138,0.4117647058823529,0.00892494929006088,12.5,2.3260869565217392,10.173913043478262,34.099999999999994,6.876086956521739,27.223913043478255,2015
R. Anderson,0.38164251207729466,0.40860215053763443,-0.026959638460339774,9.5,1.0217391304347827,8.478260869565217,64.60000000000001,7.276086956521741,57.32391304347827,2015
B. Gordon,0.44,0.4358974358974359,0.004102564102564099,7.5,0.8695652173913043,6.630434782608695,31.6,1.739130434782609,29.860869565217392,2015
J. Salmons,0.6666666666666666,0.2564102564102564,0.41025641025641024,2.0,0.021739130434782608,1.9782608695652173,5.5,0.07173913043478271,5.428260869565217,2015
D. Dedmon,0.5806451612903226,0.5572519083969466,0.023393252893376015,4.5,0.9130434782608695,3.5869565217391304,12.149999999999995,2.126086956521738,10.023913043478256,2015
J. Fredette,0.3684210526315789,0.3888888888888889,-0.020467836257309968,7.5,0.391304347826087,7.108695652173913,14.300000000000004,0.747826086956522,13.552173913043482,2015
L. Ridnour,0.3953488372093023,0.43609022556390975,-0.040741388354607444,6.0,0.5652173913043478,5.434782608695652,9.95,1.0717391304347825,8.878260869565217,2015
A. Gordon,0.5098039215686274,0.4267515923566879,0.0830523292119395,2.5,0.717391304347826,1.7826086956521738,22.250000000000007,1.8217391304347827,20.428260869565225,2015
A. Rivers,0.42857142857142855,0.40664961636828645,0.0219218122031421,16.5,0.9565217391304348,15.543478260869565,53.499999999999986,3.5195652173913046,49.98043478260868,2015
W. Green,0.4420289855072464,0.3392857142857143,0.1027432712215321,12.0,0.5217391304347826,11.478260869565217,39.20000000000001,0.5978260869565224,38.60217391304349,2015
A. Ajinca,0.5670103092783505,0.5508474576271186,0.01616285165123188,11.5,1.0,10.5,45.89999999999999,3.8500000000000005,42.04999999999999,2015
D. Marble,0.42857142857142855,0.26666666666666666,0.16190476190476188,0.0,0.1956521739130435,-0.1956521739130435,3.2,0.10217391304347824,3.097826086956522,2015
J. Withey,0.4827586206896552,0.5142857142857142,-0.03152709359605904,1.5,0.1956521739130435,1.3043478260869565,15.650000000000002,0.6326086956521741,15.017391304347829,2015
T. Duncan,0.5555555555555556,0.510840108401084,0.04471544715447162,12.5,2.4565217391304346,10.043478260869566,90.5,13.441304347826083,77.05869565217392,2015
T. Parker,0.4342105263157895,0.48119325551232167,-0.04698272919653218,10.5,2.9565217391304346,7.543478260869565,36.150000000000006,8.178260869565221,27.971739130434784,2015
C. Parsons,0.4666666666666667,0.45839210155148097,0.008274565115185706,10.0,1.673913043478261,8.326086956521738,44.74999999999999,11.169565217391304,33.58043478260869,2015
T. Chandler,0.6986301369863014,0.6590909090909091,0.039539227895392326,15.5,1.7173913043478262,13.782608695652174,59.19999999999999,12.976086956521739,46.22391304347825,2015
M. Bonner,0.4507042253521127,0.378698224852071,0.07200600050004169,3.0,0.13043478260869565,2.869565217391304,31.1,1.75,29.35,2015
M. Ellis,0.4323529411764706,0.45066666666666666,-0.018313725490196053,20.5,3.760869565217391,16.73913043478261,93.15000000000002,12.58695652173913,80.5630434782609,2015
D. Green,0.4046997389033943,0.44123856439127374,-0.036538825487879456,34.5,4.782608695652174,29.717391304347828,131.95,23.65,108.29999999999998,2015
J. Nelson,0.421875,0.4015957446808511,0.020279255319148926,12.0,1.8478260869565217,10.152173913043478,25.349999999999994,2.689130434782609,22.660869565217386,2015
D. Nowitzki,0.4218181818181818,0.4695752009184845,-0.04775701910030267,13.5,1.4130434782608696,12.08695652173913,98.69999999999999,14.423913043478258,84.27608695652174,2015
M. Belinelli,0.4090909090909091,0.4394366197183099,-0.030345710627400768,8.5,1.065217391304348,7.434782608695652,51.89999999999998,5.080434782608694,46.819565217391286,2015
G. Smith,0.6666666666666666,0.56,0.10666666666666658,1.0,0.1956521739130435,0.8043478260869565,14.150000000000002,0.41521739130434787,13.734782608695655,2015
M. Peplowski,0.0,0.0,0.0,0.0,0.0,0.0,0.0,0.0,0.0,2015
M. Ginobili,0.4666666666666667,0.4066390041493776,0.06002766251728908,23.5,2.630434782608696,20.869565217391305,47.0,5.432608695652175,41.56739130434782,2015
B. Diaw,0.41116751269035534,0.48221343873517786,-0.07104592604482252,15.5,2.260869565217391,13.23913043478261,41.65000000000002,6.254347826086956,35.395652173913064,2015
A. Baynes,0.5571428571428572,0.5580524344569289,-0.0009095773140717078,11.0,1.0,10.0,24.949999999999996,5.004347826086959,19.945652173913036,2015
D. Harris,0.36220472440944884,0.430952380952381,-0.06874765654293213,8.0,1.5869565217391304,6.413043478260869,38.300000000000004,6.056521739130434,32.24347826086957,2015
B. Wright,0.6966292134831461,0.6240875912408759,0.07254162224227023,4.0,0.5652173913043478,3.4347826086956523,55.750000000000014,7.154347826086958,48.59565217391305,2015
J. Crowder,0.4207650273224044,0.42710997442455245,-0.0063449471021480575,8.0,0.8260869565217391,7.173913043478261,74.00000000000001,5.641304347826084,68.35869565217394,2015
A. Aminu,0.38181818181818183,0.43884892086330934,-0.05703073904512751,7.0,1.0,6.0,40.85000000000001,5.1499999999999995,35.70000000000001,2015
C. Joseph,0.5734265734265734,0.4744525547445255,0.09897401868204792,11.5,0.9782608695652174,10.521739130434783,75.55000000000001,3.5847826086956522,71.96521739130436,2015
R. Jefferson,0.44761904761904764,0.43776824034334766,0.00985080727569998,6.0,0.9347826086956522,5.065217391304348,43.150000000000006,3.3434782608695657,39.80652173913044,2015
J. Hill,0.5217391304347826,0.4460093896713615,0.0757297407634211,9.5,1.891304347826087,7.608695652173913,57.000000000000014,7.319565217391304,49.680434782608714,2015
C. Boozer,0.5085714285714286,0.4964788732394366,0.012092555331991939,14.0,1.391304347826087,12.608695652173914,56.599999999999994,7.554347826086956,49.04565217391304,2015
D. Howard,0.5904761904761905,0.588,0.0024761904761905207,19.0,2.4782608695652173,16.52173913043478,49.30000000000001,10.269565217391301,39.03043478260871,2015
W. Johnson,0.42758620689655175,0.41025641025641024,0.017329796640141504,11.0,1.4130434782608696,9.58695652173913,42.90000000000001,6.339130434782609,36.5608695652174,2015
T. Ariza,0.35526315789473684,0.4195804195804196,-0.06431726168568275,15.0,2.9130434782608696,12.08695652173913,68.44999999999999,13.758695652173914,54.691304347826076,2015
J. Lin,0.39896373056994816,0.43383947939262474,-0.03487574882267658,18.5,2.8043478260869565,15.695652173913043,59.10000000000002,5.304347826086956,53.79565217391307,2015
J. Harden,0.44574780058651026,0.43851018973998596,0.0072376108465243005,42.5,6.782608695652174,35.71739130434783,148.9,27.230434782608693,121.66956521739131,2015
T. Jones,0.4186046511627907,0.5080645161290323,-0.08945986496624153,6.0,0.8913043478260869,5.108695652173913,28.900000000000013,5.78913043478261,23.110869565217403,2015
P. Beverley,0.3684210526315789,0.38672768878718533,-0.018306636155606404,6.5,1.5217391304347827,4.978260869565217,23.5,4.2804347826086975,19.219565217391303,2015
K. Bryant,0.3248407643312102,0.38669064748201437,-0.0618498831508042,14.0,2.1739130434782608,11.826086956521738,22.85000000000001,6.006521739130436,16.843478260869574,2015
T. Black,0.7142857142857143,0.5546218487394958,0.15966386554621848,5.0,0.8260869565217391,4.173913043478261,24.75,4.299999999999999,20.450000000000003,2015
J. Clarkson,0.45185185185185184,0.44685466377440347,0.004997188077448367,11.5,1.5869565217391304,9.91304347826087,52.75,5.317391304347825,47.43260869565218,2015
R. Price,0.2,0.39285714285714285,-0.19285714285714284,8.0,0.782608695652174,7.217391304347826,3.5,1.6000000000000005,1.8999999999999995,2015
J. Terry,0.40559440559440557,0.4279176201372998,-0.02232321454289421,11.0,1.565217391304348,9.434782608695652,47.399999999999984,5.602173913043478,41.797826086956505,2015
K. Papanikolaou,0.3375,0.35537190082644626,-0.01787190082644624,15.0,0.6521739130434783,14.347826086956522,3.299999999999997,0.8152173913043478,2.4847826086956495,2015
D. Motiejunas,0.4861111111111111,0.5089928057553957,-0.022881694644284634,11.0,2.1956521739130435,8.804347826086957,43.64999999999999,8.004347826086954,35.645652173913035,2015
E. Davis,0.639344262295082,0.5878962536023055,0.05144800869277655,5.5,1.0217391304347827,4.478260869565217,72.6,7.5282608695652184,65.07173913043478,2015
J. Randle,0.0,0.5,-0.5,0.5,0.0,0.5,-0.85,-0.0043478260869565235,-0.8456521739130435,2015
X. Henry,0.25,0.2222222222222222,0.02777777777777779,1.0,0.021739130434782608,0.9782608695652174,4.3500000000000005,-0.0391304347826087,4.38913043478261,2015
T. Porter,0.0,0.0,0.0,0.0,0.0,0.0,0.0,0.0,0.0,2015
R. Sacre,0.42045454545454547,0.40825688073394495,0.01219766472060052,7.5,0.45652173913043476,7.043478260869565,17.900000000000006,2.3847826086956525,15.515217391304354,2015
T. Daniels,0.3944954128440367,0.32142857142857145,0.07306684141546527,6.0,0.17391304347826086,5.826086956521739,25.050000000000004,0.3021739130434783,24.747826086956525,2015
I. Canaan,0.34710743801652894,0.4046692607003891,-0.057561822683860175,11.0,0.8695652173913043,10.130434782608695,29.700000000000017,2.6413043478260874,27.05869565217393,2015
A. Jefferson,0.48325358851674644,0.48064918851435706,0.002604400002389373,6.0,1.2173913043478262,4.782608695652174,71.0,10.608695652173916,60.391304347826086,2015
K. Walker,0.3695652173913043,0.39014647137150466,-0.02058125398020033,8.0,1.826086956521739,6.173913043478261,61.5,8.980434782608699,52.5195652173913,2015
B. Knight,0.3882978723404255,0.43142857142857144,-0.04313069908814593,13.0,3.5434782608695654,9.456521739130434,65.9,8.330434782608695,57.569565217391315,2015
J. Parker,0.4594594594594595,0.49557522123893805,-0.03611576177947856,3.5,0.8695652173913043,2.630434782608696,15.350000000000001,3.160869565217392,12.189130434782609,2015
L. Stephenson,0.4015748031496063,0.36879432624113473,0.03278047690847158,15.0,2.130434782608696,12.869565217391305,17.0,1.8760869565217393,15.123913043478261,2015
L. Sanders,0.5185185185185185,0.496551724137931,0.021966794380587462,2.0,0.5217391304347826,1.4782608695652173,7.800000000000001,1.9260869565217396,5.873913043478261,2015
K. Middleton,0.36752136752136755,0.48830811554332876,-0.12078674802196121,15.0,2.0217391304347827,12.978260869565217,52.19999999999999,12.691304347826087,39.5086956521739,2015
M. Kidd-Gilchrist,0.5538461538461539,0.45083932853717024,0.10300682530898364,5.5,1.1304347826086956,4.369565217391305,38.60000000000001,6.356521739130436,32.24347826086957,2015
M. Williams,0.4024767801857585,0.40794573643410853,-0.005468956248350032,29.5,3.760869565217391,25.73913043478261,92.74999999999996,11.608695652173918,81.14130434782604,2015
Z. Pachulia,0.4380952380952381,0.4525862068965517,-0.01449096880131362,11.0,2.5217391304347827,8.478260869565217,32.7,6.641304347826088,26.058695652173917,2015
J. Dudley,0.4152542372881356,0.48656716417910445,-0.07131292689096885,4.5,1.2608695652173914,3.2391304347826084,41.75,5.819565217391303,35.9304347826087,2015
G. Antetokounmpo,0.5371428571428571,0.46597633136094674,0.0711665257819104,17.0,3.260869565217391,13.73913043478261,76.6,9.38478260869565,67.21521739130435,2015
C. Zeller,0.5,0.4536741214057508,0.04632587859424919,6.5,1.065217391304348,5.434782608695652,29.199999999999996,4.858695652173913,24.34130434782608,2015
G. Henderson,0.35795454545454547,0.45752608047690013,-0.09957153502235466,8.5,2.0217391304347827,6.478260869565217,38.55,8.676086956521738,29.87391304347826,2015
O. Mayo,0.39094650205761317,0.427734375,-0.036787872942386834,20.5,2.0869565217391304,18.41304347826087,55.60000000000001,5.430434782608697,50.16956521739131,2015
G. Neal,0.32608695652173914,0.4012539184952978,-0.07516696197355865,12.0,0.8695652173913043,11.130434782608695,34.10000000000001,3.321739130434782,30.778260869565226,2015
E. Ilyasova,0.49074074074074076,0.45098039215686275,0.039760348583878,3.0,0.9565217391304348,2.0434782608695654,44.45,6.784782608695653,37.66521739130435,2015
D. Benoit,0.0,0.0,0.0,0.0,0.0,0.0,0.0,0.0,0.0,2015
J. Maxiell,0.39705882352941174,0.43548387096774194,-0.038425047438330195,5.0,0.41304347826086957,4.586956521739131,19.200000000000003,1.3413043478260867,17.858695652173918,2015
J. Henson,0.5729166666666666,0.5670103092783505,0.00590635738831613,15.0,1.4782608695652173,13.521739130434783,37.75000000000001,4.556521739130434,33.193478260869576,2015
B. Roberts,0.38285714285714284,0.3935018050541516,-0.01064466219700877,14.0,0.6304347826086957,13.369565217391305,36.25000000000001,2.978260869565219,33.27173913043479,2015
J. Bayless,0.4088888888888889,0.4294478527607362,-0.020558963871847302,18.5,2.1739130434782608,16.32608695652174,49.25,3.4130434782608696,45.83695652173913,2015
R. Hibbert,0.46236559139784944,0.44408427876823336,0.018281312629616076,6.5,2.0434782608695654,4.456521739130435,43.349999999999994,6.86304347826087,36.486956521739124,2015
D. Sloan,0.5086206896551724,0.3598326359832636,0.14878805367190878,9.0,1.0217391304347827,7.978260869565217,45.30000000000001,1.8521739130434787,43.44782608695653,2015
T. Wroten,0.40707964601769914,0.40186915887850466,0.005210487139194475,13.0,1.891304347826087,11.108695652173914,28.45000000000001,2.67608695652174,25.77391304347827,2015
L. Scola,0.4143646408839779,0.4880694143167028,-0.07370477343272491,12.0,1.5217391304347827,10.478260869565217,63.250000000000014,6.815217391304348,56.43478260869567,2015
H. Thompson,0.3902439024390244,0.42216358839050133,-0.03191968595147693,8.5,1.065217391304348,7.434782608695652,40.050000000000004,5.160869565217391,34.889130434782615,2015
C. Miles,0.3473684210526316,0.41287284144427,-0.0655044203916384,6.0,1.326086956521739,4.673913043478261,54.35000000000001,8.08695652173913,46.263043478260876,2015
N. Noel,0.4696969696969697,0.46065259117082535,0.00904437852614437,18.5,2.369565217391304,16.130434782608695,48.550000000000026,7.845652173913044,40.70434782608698,2015
C. Johnson,0.4230769230769231,0.39215686274509803,0.03092006033182504,2.0,0.2391304347826087,1.7608695652173914,20.849999999999998,1.0956521739130434,19.754347826086956,2015
S. Hill,0.3949579831932773,0.39611650485436894,-0.0011585216610916493,8.5,2.130434782608696,6.369565217391305,42.4,5.678260869565219,36.72173913043478,2015
H. Sims,0.4954128440366973,0.4681933842239186,0.02721945981277868,7.0,1.8478260869565217,5.1521739130434785,38.05,5.0826086956521745,32.96739130434782,2015
B. Davies,0.14285714285714285,0.4482758620689655,-0.3054187192118227,2.5,0.5217391304347826,1.9782608695652173,-0.9000000000000012,1.1869565217391311,-2.0869565217391326,2015
J. Sampson,0.44565217391304346,0.41338582677165353,0.03226634714138993,12.0,1.1304347826086956,10.869565217391305,23.05000000000001,2.1695652173913045,20.880434782608706,2015
K. McDaniels,0.3559322033898305,0.41139240506329117,-0.05546020167346066,15.5,1.608695652173913,13.891304347826086,16.450000000000014,3.315217391304349,13.134782608695664,2015
M. Thomas,0.375,0.46875,-0.09375,2.0,0.1956521739130435,1.8043478260869565,0.6499999999999999,0.4630434782608695,0.1869565217391304,2015
C. Copeland,0.330188679245283,0.37745098039215685,-0.04726230114687385,11.0,0.8043478260869565,10.195652173913043,6.000000000000007,1.6021739130434787,4.397826086956528,2015
L. Allen,0.46511627906976744,0.47417840375586856,-0.009062124686101125,8.5,0.5,8.0,26.60000000000001,2.9391304347826077,23.6608695652174,2015
R. Stuckey,0.3567251461988304,0.4648370497427101,-0.10811190354387973,11.5,2.0652173913043477,9.434782608695652,45.85000000000001,7.680434782608694,38.169565217391316,2015
A. Shved,0.39080459770114945,0.39919354838709675,-0.008388950685947305,10.0,0.6086956521739131,9.391304347826086,31.29999999999999,3.7173913043478275,27.582608695652162,2015
I. Mahinmi,0.45714285714285713,0.5985915492957746,-0.1414486921529175,6.5,1.0,5.5,17.89999999999999,2.334782608695652,15.56521739130434,2015
D. Rudez,0.41228070175438597,0.48322147651006714,-0.07094077475568117,8.0,0.6739130434782609,7.326086956521739,23.450000000000017,1.919565217391305,21.53043478260871,2015
C. Gatling,0.0,0.0,0.0,0.0,0.0,0.0,0.0,0.0,0.0,2015
K. Olynyk,0.4426229508196721,0.48687350835322196,-0.04425055753354984,11.0,1.7391304347826086,9.26086956521739,38.900000000000006,5.8326086956521745,33.06739130434783,2015
J. Green,0.40076335877862596,0.43387470997679817,-0.03311135119817221,17.0,2.260869565217391,14.73913043478261,87.95,11.18478260869565,76.76521739130435,2015
K. Garnett,0.391304347826087,0.4734982332155477,-0.08219388538946071,3.0,0.8695652173913043,2.130434782608696,11.2,4.045652173913045,7.154347826086954,2015
J. Sullinger,0.4397905759162304,0.44684684684684683,-0.007056270930616448,12.0,1.2826086956521738,10.717391304347826,61.70000000000002,7.10217391304348,54.59782608695654,2015
A. Bradley,0.3951219512195122,0.43356643356643354,-0.03844448234692133,10.5,1.9782608695652173,8.521739130434783,47.600000000000016,9.280434782608696,38.31956521739132,2015
D. Williams,0.4105960264900662,0.40860215053763443,0.0019938759524317784,21.5,3.9782608695652173,17.52173913043478,87.90000000000003,12.363043478260874,75.53695652173916,2015
B. Bogdanovic,0.4161490683229814,0.4578059071729958,-0.04165683885001442,8.0,1.5217391304347827,6.478260869565217,54.95000000000002,6.278260869565217,48.6717391304348,2015
R. Rondo,0.36231884057971014,0.444022770398482,-0.08170392981877184,18.5,3.8043478260869565,14.695652173913043,8.350000000000001,3.6326086956521744,4.717391304347827,2015
J. Johnson,0.4607594936708861,0.47442680776014107,-0.013667314089254978,31.0,3.4565217391304346,27.543478260869566,128.14999999999998,15.83695652173913,112.31304347826085,2015
M. Plumlee,0.4936708860759494,0.5726210350584308,-0.07895014898248137,15.5,2.8260869565217392,12.673913043478262,62.55,11.586956521739133,50.963043478260865,2015
A. Kirilenko,0.0,0.0,0.0,0.0,0.021739130434782608,-0.021739130434782608,0.24999999999999994,0.013043478260869568,0.23695652173913037,2015
M. Teletovic,0.33766233766233766,0.38866396761133604,-0.05100162994899837,7.0,0.8695652173913043,6.130434782608695,15.900000000000002,2.48695652173913,13.413043478260873,2015
E. Turner,0.46733668341708545,0.41116751269035534,0.05616917072673011,19.5,3.652173913043478,15.847826086956522,59.099999999999994,4.465217391304349,54.634782608695645,2015
M. Thornton,0.43243243243243246,0.39316239316239315,0.0392700392700393,5.5,0.34782608695652173,5.1521739130434785,31.799999999999997,2.9804347826086963,28.8195652173913,2015
B. Bass,0.5419847328244275,0.48951048951048953,0.05247424331393796,10.0,1.434782608695652,8.565217391304348,60.250000000000014,8.99130434782609,51.25869565217393,2015
M. Smart,0.4013605442176871,0.362116991643454,0.039243552574233065,15.0,1.391304347826087,13.608695652173914,44.10000000000001,3.7978260869565217,40.30217391304349,2015
J. Jack,0.48627450980392156,0.42694805194805197,0.059326457855869597,29.0,3.3260869565217392,25.67391304347826,94.5,5.754347826086957,88.74565217391304,2015
A. Anderson,0.43703703703703706,0.4653179190751445,-0.02828088203810747,9.0,1.0869565217391304,7.913043478260869,51.199999999999996,5.369565217391305,45.83043478260869,2015
T. Zeller,0.5604395604395604,0.5457809694793537,0.014658590960206719,5.0,1.5217391304347827,3.4782608695652173,48.500000000000014,9.68913043478261,38.8108695652174,2015
J. Jordan,0.525,0.5178571428571429,0.0071428571428571175,8.0,0.15217391304347827,7.8478260869565215,16.4,1.076086956521739,15.32391304347826,2015
C. Jefferson,0.44680851063829785,0.4520547945205479,-0.005246283882250069,6.0,0.17391304347826086,5.826086956521739,26.44999999999999,0.9369565217391306,25.513043478260858,2015
S. Karasev,0.21951219512195122,0.4838709677419355,-0.2643587726199843,5.0,0.30434782608695654,4.695652173913043,3.450000000000001,1.5456521739130438,1.9043478260869573,2015
C. Bosh,0.40993788819875776,0.4743150684931507,-0.06437718029439293,8.5,1.6956521739130435,6.804347826086957,54.550000000000004,9.217391304347826,45.332608695652176,2015
L. Deng,0.35964912280701755,0.487369985141159,-0.12772086233414143,7.5,2.0217391304347827,5.478260869565217,32.95,11.713043478260873,21.23695652173913,2015
G. Temple,0.4358974358974359,0.3795620437956204,0.056335392101815485,5.5,0.5652173913043478,4.934782608695652,10.850000000000005,1.9608695652173922,8.889130434782613,2015
P. Pierce,0.43636363636363634,0.4542635658914729,-0.017899929527836533,6.5,1.934782608695652,4.565217391304348,46.0,10.484782608695651,35.51521739130435,2015
D. Gooden,0.3411764705882353,0.4126984126984127,-0.07152194211017737,6.5,0.6304347826086957,5.869565217391305,14.349999999999998,3.208695652173915,11.141304347826082,2015
S. Williams,0.3287671232876712,0.42731277533039647,-0.09854565204272525,1.5,0.5869565217391305,0.9130434782608695,14.449999999999996,3.019565217391305,11.43043478260869,2015
N. Cole,0.4097222222222222,0.41333333333333333,-0.0036111111111111205,13.5,1.7391304347826086,11.76086956521739,32.599999999999994,3.46086956521739,29.139130434782604,2015
J. Wall,0.42066420664206644,0.445771144278607,-0.02510693763654054,33.5,5.739130434782608,27.76086956521739,58.650000000000006,11.886956521739132,46.763043478260876,2015
D. Wade,0.4533333333333333,0.475765306122449,-0.022431972789115684,26.0,3.4130434782608696,22.58695652173913,94.95,9.539130434782612,85.4108695652174,2015
M. Gortat,0.5609756097560976,0.5738125802310655,-0.012836970474967901,4.0,2.347826086956522,1.652173913043478,43.4,15.173913043478262,28.226086956521737,2015
C. Andersen,0.5476190476190477,0.5878787878787879,-0.04025974025974022,3.5,0.717391304347826,2.782608695652174,20.549999999999997,4.497826086956523,16.052173913043475,2015
K. Humphries,0.45081967213114754,0.48307692307692307,-0.03225725094577553,5.5,0.7608695652173914,4.739130434782608,41.150000000000006,5.415217391304348,35.73478260869566,2015
O. Porter Jr.,0.4189189189189189,0.4622356495468278,-0.04331673062790886,11.0,0.782608695652174,10.217391304347826,48.300000000000004,4.986956521739131,43.31304347826087,2015
M. Chalmers,0.3370165745856354,0.42738589211618255,-0.09036931753054717,23.5,2.739130434782609,20.76086956521739,33.750000000000014,5.952173913043477,27.797826086956537,2015
S. Napier,0.4166666666666667,0.36904761904761907,0.047619047619047616,10.5,1.3043478260869565,9.195652173913043,21.0,1.1282608695652179,19.871739130434783,2015
R. Butler,0.42452830188679247,0.41830065359477125,0.006227648292021215,6.5,0.7608695652173914,5.739130434782608,66.65000000000002,3.6108695652173908,63.03913043478263,2015
J. Ennis III,0.37362637362637363,0.42948717948717946,-0.05586080586080583,5.0,0.6304347826086957,4.369565217391305,30.949999999999996,2.495652173913044,28.454347826086952,2015
A. Miller,0.5,0.5,0.0,18.0,1.4782608695652173,16.52173913043478,33.24999999999999,1.4478260869565223,31.80217391304347,2015
K. Seraphin,0.504950495049505,0.5161290322580645,-0.011178537208559547,18.5,1.4130434782608696,17.08695652173913,42.20000000000003,2.991304347826089,39.208695652173944,2015
J. Valanciunas,0.5176470588235295,0.5752066115702479,-0.05755955274671842,6.5,2.1739130434782608,4.326086956521739,44.19999999999999,13.417391304347829,30.782608695652158,2015
D. DeRozan,0.39090909090909093,0.4176470588235294,-0.0267379679144385,13.5,2.608695652173913,10.891304347826086,67.15,11.171739130434785,55.97826086956522,2015
T. Ross,0.375,0.4169278996865204,-0.04192789968652039,5.0,1.326086956521739,3.6739130434782608,37.75,7.189130434782609,30.56086956521739,2015
K. Korver,0.4666666666666667,0.47007042253521125,-0.003403755868544578,15.5,2.108695652173913,13.391304347826086,89.44999999999999,10.782608695652174,78.66739130434782,2015
J. Teague,0.48917748917748916,0.43910614525139663,0.050071343926092526,25.5,4.282608695652174,21.217391304347828,113.19999999999999,10.85,102.35,2015
P. Millsap,0.4318181818181818,0.47116430903155604,-0.039346127213374216,17.0,3.608695652173913,13.391304347826086,76.70000000000002,16.2,60.500000000000014,2015
K. Lowry,0.3767605633802817,0.4178921568627451,-0.041131593482463424,20.0,3.152173913043478,16.847826086956523,83.55000000000001,9.736956521739133,73.81304347826088,2015
A. Johnson,0.6226415094339622,0.5701357466063348,0.05250576282762742,11.0,2.0652173913043477,8.934782608695652,53.75,7.141304347826088,46.608695652173914,2015
A. Horford,0.5492424242424242,0.5274122807017544,0.02183014354066981,13.5,2.130434782608696,11.369565217391305,117.75,14.323913043478266,103.42608695652173,2015
D. Carroll,0.4214876033057851,0.4978843441466855,-0.07639674084090037,6.0,1.6956521739130435,4.304347826086957,49.75000000000001,14.27391304347826,35.47608695652175,2015
T. Hansbrough,0.3888888888888889,0.5447761194029851,-0.1558872305140962,1.5,0.41304347826086957,1.0869565217391304,21.549999999999997,3.4739130434782606,18.076086956521735,2015
K. Bazemore,0.45544554455445546,0.4152823920265781,0.04016315252787739,11.5,1.326086956521739,10.173913043478262,36.95,3.6956521739130435,33.254347826086956,2015
M. Scott,0.425414364640884,0.4434250764525994,-0.018010711811715374,12.5,0.45652173913043476,12.043478260869565,51.75,4.743478260869566,47.006521739130434,2015
E. Brand,0.36,0.4647887323943662,-0.1047887323943662,3.0,0.2608695652173913,2.739130434782609,3.200000000000002,0.9108695652173914,2.2891304347826105,2015
L. Williams,0.38571428571428573,0.4069952305246423,-0.021280944810356583,17.0,1.5217391304347827,15.478260869565217,118.04999999999998,10.786956521739132,107.26304347826085,2015
P. Patterson,0.5056179775280899,0.4296875,0.0759304775280899,11.5,0.7391304347826086,10.76086956521739,84.89999999999999,6.467391304347829,78.43260869565216,2015
S. Mack,0.4108527131782946,0.3910891089108911,0.01976360426740348,9.5,0.6956521739130435,8.804347826086957,33.3,1.8891304347826081,31.41086956521739,2015
T. Sefolosha,0.34328358208955223,0.44505494505494503,-0.1017713629653928,5.0,0.6086956521739131,4.391304347826087,17.0,3.51304347826087,13.48695652173913,2015
D. Schroder,0.3898305084745763,0.43205574912891986,-0.04222524065434358,23.0,2.847826086956522,20.152173913043477,47.7,5.384782608695654,42.31521739130435,2015
G. Vasquez,0.392,0.4146825396825397,-0.022682539682539693,12.0,2.152173913043478,9.847826086956522,55.39999999999999,4.27608695652174,51.123913043478254,2015
A. Gilliam,0.0,0.0,0.0,0.0,0.0,0.0,0.0,0.0,0.0,2015
M. Gasol,0.45,0.4879032258064516,-0.03790322580645161,18.0,3.391304347826087,14.608695652173914,104.60000000000001,16.428260869565218,88.17173913043479,2015
Z. Randolph,0.4869109947643979,0.4752475247524752,0.011663470011922694,18.5,3.0869565217391304,15.41304347826087,65.85,14.21086956521739,51.6391304347826,2015
A. Wiggins,0.45901639344262296,0.4311310190369541,0.02788537440566885,16.5,3.130434782608696,13.369565217391305,89.0,11.110869565217394,77.8891304347826,2015
T. Allen,0.5104166666666666,0.49038461538461536,0.020032051282051266,13.0,1.5869565217391304,11.41304347826087,45.05000000000001,6.767391304347825,38.282608695652186,2015
C. Brewer,0.4605678233438486,0.41068702290076337,0.04988080044308524,23.5,2.152173913043478,21.347826086956523,120.0,6.869565217391306,113.13043478260869,2015
T. Young,0.4648648648648649,0.464075382803298,0.0007894820615668707,13.5,2.260869565217391,11.23913043478261,58.69999999999999,11.169565217391305,47.53043478260868,2015
N. Pekovic,0.4507042253521127,0.4163424124513619,0.0343618129007508,2.0,0.8260869565217391,1.1739130434782608,31.550000000000004,3.5500000000000007,28.000000000000004,2015
R. Rubio,0.2978723404255319,0.37209302325581395,-0.07422068283028205,8.5,1.0217391304347827,7.478260869565217,7.4499999999999975,1.55,5.899999999999998,2015
M. Conley,0.4581497797356828,0.4394141145139814,0.018735665221701447,14.0,3.0434782608695654,10.956521739130434,89.60000000000004,9.85217391304348,79.74782608695656,2015
C. Lee,0.4298245614035088,0.46740858505564387,-0.03758402365213509,8.0,1.6304347826086956,6.369565217391305,51.60000000000001,9.258695652173914,42.341304347826096,2015
B. Udrih,0.3780487804878049,0.5193236714975845,-0.14127489100977964,14.5,1.391304347826087,13.108695652173914,29.350000000000016,6.230434782608698,23.11956521739132,2015
Q. Pondexter,0.35454545454545455,0.43561643835616437,-0.08107098381070982,7.0,0.8260869565217391,6.173913043478261,21.89999999999999,5.017391304347825,16.882608695652166,2015
G. Dieng,0.5232558139534884,0.5023474178403756,0.020908396113112793,13.0,2.1739130434782608,10.826086956521738,50.74999999999999,8.326086956521742,42.42391304347825,2015
K. Koufos,0.48872180451127817,0.5234375,-0.03471569548872183,13.0,0.9565217391304348,12.043478260869565,37.0,4.639130434782608,32.36086956521739,2015
V. Carter,0.36,0.33436532507739936,0.02563467492260063,9.0,0.6956521739130435,8.304347826086957,28.04999999999999,2.813043478260869,25.23695652173912,2015
J. Leuer,0.4392523364485981,0.4470588235294118,-0.007806487080813662,6.5,0.4782608695652174,6.021739130434782,27.650000000000006,1.9826086956521742,25.66739130434783,2015
S. Muhammad,0.49473684210526314,0.4867549668874172,0.007981875217845935,4.5,0.5652173913043478,3.9347826086956523,38.1,4.954347826086957,33.14565217391304,2015
A. Bennett,0.43373493975903615,0.4158878504672897,0.017847089291746443,4.0,0.6086956521739131,3.391304347826087,26.55000000000001,2.1304347826086962,24.419565217391316,2015
C. Budinger,0.45038167938931295,0.4247104247104247,0.025671254678888256,8.0,0.717391304347826,7.282608695652174,48.35,3.8021739130434784,44.547826086956526,2015
S. Dalembert,0.375,0.4473684210526316,-0.07236842105263158,2.0,0.7608695652173914,1.2391304347826086,3.0,1.0521739130434784,1.9478260869565216,2015
I. Shumpert,0.34814814814814815,0.41,-0.061851851851851825,12.0,1.7391304347826086,10.26086956521739,39.550000000000004,5.7565217391304335,33.79347826086957,2015
A. Stoudemire,0.5462962962962963,0.5491606714628298,-0.002864375166533484,9.0,1.4565217391304348,7.543478260869565,47.49999999999999,7.021739130434782,40.47826086956521,2015
J. Noah,0.38524590163934425,0.4566929133858268,-0.07144701174648255,19.5,2.260869565217391,17.23913043478261,33.15000000000002,5.182608695652175,27.967391304347846,2015
D. Rose,0.36363636363636365,0.41563275434243174,-0.051996390706068096,23.5,3.3043478260869565,20.195652173913043,36.84999999999999,7.904347826086957,28.945652173913032,2015
C. Anthony,0.441340782122905,0.4449760765550239,-0.0036352944321189073,5.5,1.6956521739130435,3.8043478260869565,66.44999999999999,8.423913043478262,58.02608695652172,2015
S. Larkin,0.3787878787878788,0.45666666666666667,-0.07787878787878788,13.0,1.2391304347826086,11.76086956521739,32.599999999999994,3.7652173913043487,28.834782608695647,2015
K. Hinrich,0.4774774774774775,0.3391003460207612,0.13837713145671626,12.5,1.065217391304348,11.434782608695652,24.65,1.663043478260869,22.98695652173913,2015
P. Gasol,0.5094339622641509,0.4914337240757439,0.018000238188407014,13.5,3.3043478260869565,10.195652173913043,80.14999999999998,18.447826086956525,61.70217391304345,2015
P. Prigioni,0.45977011494252873,0.35353535353535354,0.1062347614071752,13.0,1.0434782608695652,11.956521739130435,35.49999999999999,2.319565217391304,33.180434782608685,2015
A. Brooks,0.41233766233766234,0.41754385964912283,-0.005206197311460492,25.5,2.5,23.0,71.55000000000001,5.323913043478263,66.22608695652175,2015
J. Smith,0.3843594009983361,0.43272386310360994,-0.04836446210527384,56.0,7.565217391304348,48.434782608695656,128.7,22.77608695652174,105.92391304347825,2015
Q. Acy,0.4878048780487805,0.4423076923076923,0.045497185741088186,10.0,0.8695652173913043,9.130434782608695,43.10000000000001,2.8043478260869565,40.295652173913055,2015
T. Gibson,0.5,0.497787610619469,0.002212389380530977,11.5,1.4130434782608696,10.08695652173913,51.599999999999994,7.065217391304348,44.53478260869565,2015
T. Hardaway Jr.,0.41904761904761906,0.3767258382642998,0.042321780783319274,12.0,1.2608695652173914,10.73913043478261,54.44999999999999,4.956521739130436,49.49347826086955,2015
D. McDermott,0.358974358974359,0.4225352112676056,-0.06356085229324665,3.5,0.2391304347826087,3.260869565217391,6.750000000000002,0.5869565217391306,6.163043478260871,2015
N. Mirotic,0.4375,0.3709677419354839,0.06653225806451613,20.5,1.2173913043478262,19.282608695652172,108.25000000000003,6.410869565217392,101.83913043478263,2015
T. Snell,0.456,0.40344827586206894,0.05255172413793108,9.5,0.7391304347826086,8.76086956521739,43.75,3.532608695652174,40.21739130434783,2015
M. Dunleavy,0.33783783783783783,0.4585858585858586,-0.12074802074802077,4.0,1.4565217391304348,2.5434782608695654,19.8,8.315217391304346,11.484782608695655,2015
C. Aldrich,0.42105263157894735,0.49777777777777776,-0.07672514619883042,4.5,1.0869565217391304,3.4130434782608696,31.050000000000004,3.1956521739130435,27.85434782608696,2015
C. Early,0.38,0.3333333333333333,0.04666666666666669,4.5,0.6739130434782609,3.8260869565217392,28.050000000000004,0.426086956521739,27.623913043478264,2015
T. Wear,0.4019607843137255,0.40186915887850466,9.162543522084343e-05,7.0,0.45652173913043476,6.543478260869565,20.0,0.732608695652174,19.267391304347825,2015
S. Brooks,0.0,0.0,0.0,0.0,0.0,0.0,0.0,0.0,0.0,2015
C. Bairstow,0.2857142857142857,0.14285714285714285,0.14285714285714285,0.5,0.043478260869565216,0.4565217391304348,1.75,-0.09347826086956522,1.8434782608695652,2015
E. Moore,0.4507042253521127,0.43243243243243246,0.01827179291968023,3.5,0.15217391304347827,3.3478260869565215,23.849999999999998,0.6847826086956522,23.165217391304346,2015
T. Mozgov,0.5714285714285714,0.5403726708074534,0.03105590062111796,8.0,2.9782608695652173,5.021739130434783,37.150000000000006,11.704347826086956,25.44565217391305,2015
K. Caldwell-Pope,0.4050632911392405,0.4,0.005063291139240478,10.5,1.5869565217391304,8.91304347826087,73.54999999999998,7.913043478260871,65.63695652173911,2015
K. Faried,0.5573770491803278,0.496742671009772,0.060634378170555836,12.5,2.0217391304347827,10.478260869565217,57.249999999999986,10.56304347826087,46.68695652173912,2015
D. Gallinari,0.36428571428571427,0.4135514018691589,-0.04926568758344463,7.0,0.9347826086956522,6.065217391304348,52.90000000000001,7.2,45.70000000000001,2015
A. Afflalo,0.3448275862068966,0.4390581717451524,-0.0942305855382558,14.0,1.9782608695652173,12.021739130434783,29.650000000000006,9.123913043478263,20.526086956521745,2015
B. Jennings,0.2926829268292683,0.420824295010846,-0.12814136818157773,3.5,1.8043478260869565,1.6956521739130435,12.549999999999997,5.721739130434782,6.828260869565215,2015
T. Lawson,0.4236453201970443,0.43983402489626555,-0.016188704699221235,16.5,3.3043478260869565,13.195652173913043,58.499999999999986,9.265217391304349,49.23478260869564,2015
A. Drummond,0.5340909090909091,0.5095541401273885,0.024536768963520528,8.0,2.260869565217391,5.739130434782609,72.55000000000001,12.773913043478261,59.77608695652175,2015
K. Singler,0.34210526315789475,0.3945945945945946,-0.05248933143669987,2.0,1.108695652173913,0.8913043478260869,17.700000000000003,4.004347826086956,13.695652173913047,2015
C. Butler,0.4111111111111111,0.40522875816993464,0.00588235294117645,4.5,0.8695652173913043,3.630434782608696,30.400000000000006,4.086956521739131,26.313043478260873,2015
J. Nurkic,0.4659090909090909,0.4406779661016949,0.025231124807395977,13.0,1.3043478260869565,11.695652173913043,18.800000000000008,3.610869565217391,15.189130434782616,2015
D. Arthur,0.3786407766990291,0.4128113879003559,-0.03417061120132675,5.5,0.782608695652174,4.717391304347826,18.349999999999998,2.7304347826086954,15.619565217391303,2015
S. Dinwiddie,0.35443037974683544,0.25555555555555554,0.09887482419127991,8.0,0.3695652173913043,7.630434782608695,11.700000000000003,0.036956521739130575,11.663043478260873,2015
W. Chandler,0.41304347826086957,0.43236409608091025,-0.019320617820040686,9.5,1.9782608695652173,7.521739130434783,53.40000000000002,9.717391304347824,43.68260869565219,2015
R. Foye,0.3177570093457944,0.3864406779661017,-0.06868366862030734,8.5,0.9347826086956522,7.565217391304348,14.750000000000007,3.0434782608695663,11.70652173913044,2015
D. Augustin,0.36086956521739133,0.4196642685851319,-0.058794703367740564,26.0,2.0217391304347827,23.97826086956522,44.999999999999986,5.243478260869565,39.75652173913042,2015
J. Anthony,0.5416666666666666,0.6052631578947368,-0.0635964912280702,1.5,0.1956521739130435,1.3043478260869565,9.700000000000003,0.906521739130435,8.793478260869568,2015
J. Jerebko,0.4411764705882353,0.4419642857142857,-0.0007878151260504174,8.0,0.6739130434782609,7.326086956521739,60.19999999999999,3.4565217391304355,56.74347826086955,2015
N. Robinson,0.3488372093023256,0.3431952662721893,0.005641943030136265,5.5,0.41304347826086957,5.086956521739131,15.55,0.6739130434782605,14.87608695652174,2015
J. McGee,0.5833333333333334,0.509090909090909,0.07424242424242433,2.0,0.30434782608695654,1.6956521739130435,10.150000000000002,0.7108695652173915,9.43913043478261,2015
G. Sutton,0.0,0.0,0.0,0.0,0.0,0.0,0.0,0.0,0.0,2015
C. Laettner,0.0,0.0,0.0,0.0,0.0,0.0,0.0,0.0,0.0,2015
A. Gee,0.5108695652173914,0.425531914893617,0.08533765032377433,5.5,0.4782608695652174,5.021739130434782,49.20000000000001,0.9847826086956524,48.21521739130436,2015
D. Favors,0.5276381909547738,0.5243393602225312,0.0032988307322425747,16.0,1.934782608695652,14.065217391304348,95.70000000000002,11.69782608695652,84.00217391304349,2015
E. Freedom,0.4968944099378882,0.5241199478487614,-0.027225537910873177,11.0,2.6739130434782608,8.326086956521738,58.35000000000001,12.656521739130437,45.69347826086957,2015
T. Burke,0.31899641577060933,0.38705234159779617,-0.06805592582718684,14.0,2.0869565217391304,11.91304347826087,34.35000000000002,6.282608695652174,28.06739130434785,2015
G. Hayward,0.4383561643835616,0.4470046082949309,-0.008648443911369263,22.0,3.5217391304347827,18.47826086956522,98.50000000000003,13.595652173913049,84.90434782608698,2015
A. Burks,0.3333333333333333,0.42792792792792794,-0.09459459459459463,6.0,0.8695652173913043,5.130434782608695,26.85000000000001,2.6673913043478263,24.18260869565218,2015
R. Hood,0.4175824175824176,0.4134275618374558,0.004154855744961772,5.0,0.7608695652173914,4.239130434782608,28.950000000000003,3.039130434782609,25.910869565217393,2015
T. Booker,0.5135135135135135,0.47875354107648727,0.03475997243702622,10.0,1.4782608695652173,8.521739130434783,46.50000000000002,4.949999999999998,41.550000000000026,2015
R. Gobert,0.651685393258427,0.591715976331361,0.05996941692706603,9.5,2.0,7.5,58.14999999999999,9.728260869565215,48.42173913043477,2015
D. Exum,0.3333333333333333,0.35276073619631904,-0.01942740286298572,15.5,1.891304347826087,13.608695652173914,-0.3499999999999943,1.269565217391304,-1.6195652173912982,2015
J. Ingles,0.42857142857142855,0.41155234657039713,0.017019082001031416,12.0,1.608695652173913,10.391304347826086,19.649999999999995,3.0304347826086966,16.619565217391298,2015
J. Hornacek,0.0,0.0,0.0,0.0,0.0,0.0,0.0,0.0,0.0,2015
M. Morris Sr.,0.4117647058823529,0.44013490725126475,-0.02837020136891183,9.5,1.173913043478261,8.326086956521738,45.5,7.873913043478262,37.62608695652174,2015
G. Dragic,0.4715909090909091,0.5072639225181598,-0.035673013427250655,17.0,3.0217391304347827,13.978260869565217,53.64999999999999,12.032608695652176,41.61739130434782,2015
E. Bledsoe,0.45714285714285713,0.4444444444444444,0.012698412698412709,31.0,4.608695652173913,26.391304347826086,97.85,10.900000000000002,86.94999999999999,2015
M. Morris,0.460093896713615,0.46674182638105977,-0.006647929667444763,18.0,2.9130434782608696,15.08695652173913,63.0,11.404347826086957,51.595652173913045,2015
A. Len,0.46296296296296297,0.5150501672240803,-0.05208720426111729,6.5,1.326086956521739,5.173913043478261,20.599999999999994,4.589130434782609,16.010869565217384,2015
I. Thomas,0.44964028776978415,0.3986013986013986,0.05103888916838556,22.0,2.4565217391304346,19.543478260869566,122.0,7.402173913043479,114.59782608695652,2015
G. Green,0.4104803493449782,0.41894353369763204,-0.008463184352653863,16.5,1.5434782608695652,14.956521739130435,57.85000000000002,6.067391304347827,51.78260869565219,2015
A. Goodwin,0.4186046511627907,0.3739130434782609,0.044691607684529844,10.0,0.6086956521739131,9.391304347826086,21.80000000000001,0.8456521739130436,20.954347826086966,2015
A. Tolliver,0.38095238095238093,0.4201388888888889,-0.039186507936507964,8.0,0.7608695652173914,7.239130434782608,32.25,4.126086956521739,28.12391304347826,2015
W. Ellington,0.375,0.42725173210161665,-0.052251732101616655,6.0,0.8260869565217391,5.173913043478261,39.85000000000001,5.434782608695653,34.41521739130435,2015
S. Randolph,0.2857142857142857,0.21428571428571427,0.07142857142857142,0.5,0.043478260869565216,0.4565217391304348,3.75,0.004347826086956545,3.7456521739130433,2015
T. Ennis,0.3684210526315789,0.33766233766233766,0.030758714969241263,10.0,0.4782608695652174,9.521739130434783,3.900000000000004,0.10434782608695677,3.795652173913047,2015
J. Thompson,0.37142857142857144,0.4888268156424581,-0.11739824421388667,7.0,1.5217391304347827,5.478260869565217,18.700000000000003,4.8086956521739115,13.891304347826091,2015
D. Cousins,0.4892703862660944,0.460984393757503,0.02828599250859143,35.0,4.0,31.0,92.7,13.041304347826085,79.65869565217392,2015
S. Curry,0.4619718309859155,0.48249299719887956,-0.02052116621296407,28.0,5.978260869565218,22.02173913043478,174.0,24.8195652173913,149.1804347826087,2015
K. Thompson,0.4090909090909091,0.4716981132075472,-0.06260720411663806,15.0,3.4782608695652173,11.521739130434783,102.44999999999999,20.291304347826088,82.1586956521739,2015
R. Gay,0.38839285714285715,0.47197309417040356,-0.08358023702754641,23.0,2.9782608695652173,20.02173913043478,68.60000000000001,13.819565217391306,54.7804347826087,2015
A. Bogut,0.5306122448979592,0.5669291338582677,-0.03631688896030849,7.5,2.5434782608695654,4.956521739130435,19.950000000000003,6.045652173913043,13.90434782608696,2015
H. Barnes,0.4682080924855491,0.47291361639824303,-0.00470552391269391,10.5,1.565217391304348,8.934782608695652,66.8,11.641304347826088,55.15869565217391,2015
D. Collison,0.4793388429752066,0.47086247086247085,0.008476372112735775,13.0,1.8695652173913044,11.130434782608695,49.7,6.280434782608695,43.41956521739131,2015
B. McLemore,0.42105263157894735,0.4409090909090909,-0.019856459330143572,18.0,2.217391304347826,15.782608695652174,47.150000000000006,8.176086956521742,38.97391304347826,2015
F. Ezeli,0.5116279069767442,0.5547945205479452,-0.043166613571200996,4.0,0.782608695652174,3.217391304347826,12.800000000000004,2.7086956521739136,10.09130434782609,2015
A. Iguodala,0.48484848484848486,0.4605543710021322,0.02429411384635266,17.0,1.4782608695652173,15.521739130434783,84.4,7.31304347826087,77.08695652173914,2015
C. Landry,0.4838709677419355,0.5253623188405797,-0.041491351098644214,8.0,0.8260869565217391,7.173913043478261,38.60000000000001,4.793478260869565,33.806521739130446,2015
R. Evans,0.3,0.4444444444444444,-0.14444444444444443,3.0,0.8478260869565217,2.1521739130434785,6.699999999999999,2.282608695652175,4.417391304347824,2015
M. Speights,0.45918367346938777,0.491869918699187,-0.03268624522979924,12.0,1.3478260869565217,10.652173913043478,52.55000000000001,6.9195652173913045,45.63043478260871,2015
L. Barbosa,0.39106145251396646,0.5152542372881356,-0.12419278477416912,9.5,0.8043478260869565,8.695652173913043,45.599999999999994,4.582608695652174,41.01739130434782,2015
N. Stauskas,0.3761467889908257,0.3582887700534759,0.017858018937349784,5.5,0.6304347826086957,4.869565217391305,25.700000000000003,1.5130434782608704,24.186956521739134,2015
R. Sessions,0.3394495412844037,0.3864406779661017,-0.04699113668169802,15.0,1.434782608695652,13.565217391304348,20.5,3.2043478260869573,17.29565217391304,2015
O. Kuzmic,0.6666666666666666,0.0,0.6666666666666666,2.0,0.021739130434782608,1.9782608695652173,7.0,-0.049999999999999996,7.05,2015
O. Casspi,0.46616541353383456,0.5,-0.03383458646616544,12.0,1.391304347826087,10.608695652173914,46.250000000000014,5.265217391304349,40.98478260869567,2015
S. Livingston,0.5056818181818182,0.5050167224080268,0.0006650957737914798,25.0,1.5869565217391304,23.41304347826087,47.25,3.678260869565219,43.57173913043478,2015
R. Hollins,0.75,0.5652173913043478,0.18478260869565222,5.5,0.30434782608695654,5.195652173913043,25.699999999999996,0.5326086956521742,25.16739130434782,2015
R. Lopez,0.5128205128205128,0.5427807486631016,-0.029960235842588778,5.5,1.4565217391304348,4.043478260869565,30.6,6.63913043478261,23.960869565217394,2015
R. Westbrook,0.42586750788643535,0.42634315424610053,-0.00047564635966518276,20.5,5.478260869565218,15.021739130434781,108.80000000000001,16.541304347826088,92.25869565217393,2015
W. Matthews,0.45,0.447463768115942,0.0025362318840579934,9.5,1.3478260869565217,8.152173913043478,83.80000000000001,8.491304347826086,75.30869565217392,2015
S. Adams,0.4875,0.5579937304075235,-0.07049373040752355,9.0,1.7608695652173914,7.239130434782608,28.849999999999994,5.4413043478260885,23.408695652173904,2015
S. Ibaka,0.5116279069767442,0.4687975646879756,0.042830342288768586,10.5,1.6521739130434783,8.847826086956522,42.79999999999998,9.25,33.54999999999998,2015
L. Aldridge,0.4421052631578947,0.45893719806763283,-0.01683193490973811,13.0,2.260869565217391,10.73913043478261,101.54999999999997,18.482608695652175,83.0673913043478,2015
N. Batum,0.368,0.4,-0.03200000000000003,7.5,2.8043478260869565,4.695652173913043,48.94999999999999,6.356521739130436,42.59347826086955,2015
A. Roberson,0.3125,0.4702702702702703,-0.1577702702702703,3.0,0.8695652173913043,2.130434782608696,3.75,2.889130434782609,0.8608695652173912,2015
P. Jones III,0.4418604651162791,0.3829787234042553,0.05888174171202376,3.5,0.3695652173913043,3.130434782608696,11.350000000000001,1.1369565217391306,10.213043478260872,2015
D. Lillard,0.4068627450980392,0.44179389312977096,-0.03493114803173175,17.0,4.3478260869565215,12.652173913043478,139.24999999999997,14.563043478260871,124.6869565217391,2015
L. Thomas,0.4731182795698925,0.3954154727793696,0.07770280679052288,7.0,1.3043478260869565,5.695652173913043,28.549999999999997,2.6,25.949999999999996,2015
C. Kaman,0.46788990825688076,0.5267857142857143,-0.05889580602883354,17.0,1.673913043478261,15.326086956521738,24.549999999999997,6.6000000000000005,17.949999999999996,2015
K. Perkins,0.4177215189873418,0.4551282051282051,-0.03740668614086334,16.0,1.4565217391304348,14.543478260869565,5.200000000000003,1.0521739130434786,4.147826086956524,2015
S. Telfair,0.1935483870967742,0.425531914893617,-0.23198352779684284,1.5,0.32608695652173914,1.1739130434782608,-0.0999999999999992,1.06304347826087,-1.1630434782608692,2015
S. Blake,0.40476190476190477,0.3543307086614173,0.05043119610048746,13.0,1.7391304347826086,11.26086956521739,18.69999999999999,1.1869565217391302,17.513043478260858,2015
D. Wright,0.43283582089552236,0.34959349593495936,0.083242324960563,3.0,0.2608695652173913,2.739130434782609,27.900000000000002,1.5021739130434781,26.397826086956524,2015
J. Freeland,0.5217391304347826,0.4634146341463415,0.05832449628844111,3.5,0.34782608695652173,3.1521739130434785,21.20000000000001,1.1717391304347828,20.028260869565226,2015
N. Collison,0.43209876543209874,0.4127906976744186,0.019308067757680125,8.0,0.6304347826086957,7.369565217391305,19.800000000000004,2.002173913043478,17.797826086956526,2015
C. McCollum,0.4217687074829932,0.45263157894736844,-0.03086287146437522,11.0,0.6956521739130435,10.304347826086957,37.35000000000001,4.108695652173913,33.241304347826095,2015
A. Crabbe,0.42857142857142855,0.42201834862385323,0.006553079947575313,1.0,0.30434782608695654,0.6956521739130435,14.5,1.326086956521739,13.173913043478262,2015
T. Robinson,0.43333333333333335,0.5,-0.06666666666666665,13.0,0.717391304347826,12.282608695652174,16.250000000000007,3.1695652173913045,13.080434782608702,2015
C. Frye,0.32323232323232326,0.4097938144329897,-0.08656149120066642,5.5,1.4565217391304348,4.043478260869565,19.799999999999997,4.839130434782611,14.960869565217386,2015
Nene,0.48091603053435117,0.5091575091575091,-0.028241478623157956,14.0,2.391304347826087,11.608695652173914,35.349999999999994,7.49782608695652,27.852173913043472,2015
G. Rice,0.3333333333333333,0.16666666666666666,0.16666666666666666,0.5,0.021739130434782608,0.4782608695652174,-0.8499999999999999,-0.056521739130434755,-0.7934782608695651,2015
A. Nicholson,0.35185185185185186,0.47058823529411764,-0.11873638344226578,2.0,0.43478260869565216,1.565217391304348,7.350000000000003,1.3239130434782609,6.026086956521742,2015
K. Martin,0.4645161290322581,0.4146341463414634,0.04988198269079469,8.0,1.3695652173913044,6.630434782608695,63.5,6.339130434782611,57.16086956521739,2015
Z. LaVine,0.45161290322580644,0.41140529531568226,0.04020760791012418,26.0,3.0652173913043477,22.934782608695652,57.80000000000001,3.3413043478260853,54.45869565217393,2015
A. Varejao,0.6086956521739131,0.5480225988700564,0.06067305330385664,1.5,0.6956521739130435,0.8043478260869565,15.0,2.9652173913043485,12.034782608695652,2015
K. Love,0.375,0.44100801832760594,-0.06600801832760594,9.5,2.369565217391304,7.130434782608695,40.95000000000001,16.176086956521743,24.773913043478267,2015
L. James,0.45558086560364464,0.4703757225433526,-0.014794856939707945,46.5,5.673913043478261,40.82608695652174,150.55000000000004,20.221739130434784,130.32826086956527,2015
D. Waiters,0.33858267716535434,0.41763005780346824,-0.0790473806381139,13.5,1.8695652173913044,11.630434782608695,36.2,6.591304347826088,29.608695652173914,2015
K. Irving,0.41964285714285715,0.477859778597786,-0.05821692145492885,19.0,3.652173913043478,15.347826086956522,124.4,17.63478260869565,106.76521739130436,2015
T. Thompson,0.6013513513513513,0.5330490405117271,0.06830231083962424,14.5,1.5,13.0,84.50000000000001,10.378260869565217,74.1217391304348,2015
S. Marion,0.47368421052631576,0.4305555555555556,0.04312865497076018,3.0,0.5869565217391305,2.4130434782608696,18.049999999999997,2.8434782608695657,15.206521739130432,2015
M. Dellavedova,0.38271604938271603,0.3416370106761566,0.041079038706559434,17.0,1.3478260869565217,15.652173913043478,30.05000000000001,1.1760869565217384,28.87391304347827,2015
V. Fleming,0.0,0.0,0.0,0.0,0.0,0.0,0.0,0.0,0.0,2015
M. Miller,0.2631578947368421,0.37037037037037035,-0.10721247563352826,4.5,0.32608695652173914,4.173913043478261,2.6000000000000005,0.7478260869565222,1.8521739130434782,2015
T. Davis,0.0,0.0,0.0,0.0,0.0,0.0,0.0,0.0,0.0,2015
R. Werdann,0.0,0.0,0.0,0.0,0.0,0.0,0.0,0.0,0.0,2015
J. Barea,0.4205607476635514,0.42216358839050133,-0.001602840726949939,10.5,1.3695652173913044,9.130434782608695,50.35000000000002,3.6434782608695633,46.70652173913046,2015
I. Clark,0.28125,0.43478260869565216,-0.15353260869565216,2.5,0.08695652173913043,2.4130434782608696,1.6000000000000014,0.42826086956521736,1.171739130434784,2015
S. Novak,0.35714285714285715,0.42857142857142855,-0.0714285714285714,1.0,0.06521739130434782,0.9347826086956522,4.950000000000001,0.30217391304347824,4.647826086956523,2015
C. Villanueva,0.45588235294117646,0.3944223107569721,0.061460042184204366,5.0,0.391304347826087,4.608695652173913,50.15000000000002,2.7652173913043487,47.38478260869567,2015
D. Jordan,0.7263157894736842,0.7076923076923077,0.018623481781376516,8.5,2.369565217391304,6.130434782608695,94.55,17.554347826086957,76.99565217391304,2015
J. Redick,0.40828402366863903,0.4817204301075269,-0.07343640643888788,11.5,2.130434782608696,9.369565217391305,59.35000000000002,15.497826086956522,43.8521739130435,2015
B. Griffin,0.45714285714285713,0.5115894039735099,-0.05444654683065281,21.5,3.347826086956522,18.152173913043477,79.30000000000001,19.28260869565218,60.01739130434783,2015
M. Barnes,0.4782608695652174,0.4287974683544304,0.04946340121078702,8.0,1.891304347826087,6.108695652173913,28.650000000000006,8.565217391304348,20.084782608695658,2015
C. Paul,0.47183098591549294,0.49209302325581394,-0.020262037340321004,15.0,4.043478260869565,10.956521739130434,127.69999999999999,18.813043478260866,108.88695652173912,2015
S. Hawes,0.4107142857142857,0.39375,0.01696428571428571,9.0,0.9565217391304348,8.043478260869565,29.200000000000003,2.4891304347826075,26.710869565217394,2015
J. Crawford,0.41194029850746267,0.3782608695652174,0.03367942894224529,18.5,1.565217391304348,16.934782608695652,116.85,7.286956521739131,109.56304347826087,2015
E. Udoh,0.4444444444444444,0.0,0.4444444444444444,3.5,0.0,3.5,8.900000000000002,-0.026086956521739136,8.926086956521742,2015
C. Douglas-Roberts,0.6666666666666666,0.06666666666666667,0.6,0.0,0.0,0.0,5.199999999999999,-0.1108695652173913,5.3108695652173905,2015
J. Farmar,0.45714285714285713,0.32954545454545453,0.1275974025974026,7.5,0.3695652173913043,7.130434782608695,22.75,0.3195652173913045,22.430434782608696,2015
H. Miner,0.0,0.0,0.0,0.0,0.0,0.0,0.0,0.0,0.0,2015
T. Prince,0.5192307692307693,0.412751677852349,0.10647909137842027,3.0,0.6304347826086957,2.369565217391304,48.349999999999994,3.3760869565217386,44.973913043478255,2015
K. Marshall,0.6176470588235294,0.373134328358209,0.24451273046532046,8.5,0.391304347826087,8.108695652173912,11.2,0.5847826086956524,10.615217391304347,2015
L. Mbah a Moute,0.30275229357798167,0.41366223908918404,-0.11090994551120237,12.5,1.608695652173913,10.891304347826086,16.150000000000002,6.410869565217394,9.73913043478261,2015
N. Wolters,0.2608695652173913,0.4117647058823529,-0.15089514066496162,1.5,0.21739130434782608,1.2826086956521738,-0.3499999999999983,0.14782608695652183,-0.49782608695652014,2015
K. Leonard,0.4301675977653631,0.49069148936170215,-0.06052389159633903,9.0,2.0434782608695654,6.956521739130435,78.7,14.87391304347826,63.82608695652174,2015
A. Daye,0.375,0.3333333333333333,0.041666666666666685,6.0,0.2391304347826087,5.760869565217392,12.500000000000004,0.4521739130434782,12.047826086956526,2015
J. Ayres,0.6111111111111112,0.5238095238095238,0.08730158730158732,7.5,0.2391304347826087,7.260869565217392,24.500000000000007,0.7130434782608696,23.78695652173914,2015
R. Chapman,0.0,0.0,0.0,0.0,0.0,0.0,0.0,0.0,0.0,2015
H. Turkoglu,0.4155844155844156,0.4296875,-0.014103084415584388,8.0,0.32608695652173914,7.673913043478261,21.10000000000001,1.7760869565217392,19.32391304347827,2015
D. Rivers,0.0,0.0,0.0,0.0,0.0,0.0,0.0,0.0,0.0,2015
M. Harkless,0.45901639344262296,0.36082474226804123,0.09819165117458173,6.5,0.30434782608695654,6.195652173913043,15.7,0.9565217391304345,14.743478260869566,2015
L. Fields,0.47058823529411764,0.5,-0.02941176470588236,1.5,0.10869565217391304,1.391304347826087,4.3,0.5108695652173914,3.7891304347826082,2015
J. McRoberts,0.36363636363636365,0.5714285714285714,-0.20779220779220775,2.0,0.391304347826087,1.608695652173913,3.4000000000000012,0.5304347826086956,2.8695652173913055,2015
J. Hamilton,0.45714285714285713,0.46853146853146854,-0.011388611388611414,5.5,0.41304347826086957,5.086956521739131,24.049999999999997,2.3086956521739137,21.741304347826084,2015
A. Dawkins,0.0,0.5,-0.5,0.5,0.0,0.5,-2.15,0.041304347826086954,-2.1913043478260867,2015
T. Dumas,0.0,0.0,0.0,0.0,0.0,0.0,0.0,0.0,0.0,2015
D. Blair,0.4222222222222222,0.5833333333333334,-0.16111111111111115,5.5,0.043478260869565216,5.456521739130435,6.5,0.15434782608695655,6.345652173913043,2015
P. Antic,0.27586206896551724,0.375,-0.09913793103448276,5.5,0.9347826086956522,4.565217391304348,3.9000000000000004,3.6826086956521733,0.21739130434782705,2015
R. Horry,0.0,0.0,0.0,0.0,0.0,0.0,0.0,0.0,0.0,2015
G. Monroe,0.4861878453038674,0.49851190476190477,-0.012324059458037384,20.0,2.369565217391304,17.630434782608695,70.24999999999999,12.517391304347827,57.73260869565216,2015
J. Kidd,0.0,0.0,0.0,0.0,0.0,0.0,0.0,0.0,0.0,2015
S. Scheffler,0.0,0.0,0.0,0.0,0.0,0.0,0.0,0.0,0.0,2015
J. Young,0.34782608695652173,0.35714285714285715,-0.009316770186335421,1.0,0.06521739130434782,0.9347826086956522,11.250000000000002,0.5891304347826088,10.660869565217393,2015
N. Johnson,0.38333333333333336,0.21875,0.16458333333333336,7.0,0.1956521739130435,6.804347826086956,8.05,-0.11304347826086959,8.163043478260871,2015
J. Dorsey,0.46153846153846156,0.5619834710743802,-0.10044500953591862,8.0,0.5652173913043478,7.434782608695652,6.399999999999997,2.0652173913043472,4.334782608695649,2015
J. Butler,0.46311475409836067,0.45629965947786605,0.006815094620494622,15.0,1.826086956521739,13.173913043478262,136.14999999999998,17.247826086956525,118.90217391304346,2015
S. Elliott,0.0,0.0,0.0,0.0,0.0,0.0,0.0,0.0,0.0,2015
C. Robinson,0.0,0.0,0.0,0.0,0.0,0.0,0.0,0.0,0.0,2015
R. Hummel,0.5882352941176471,0.375,0.21323529411764708,4.5,0.1956521739130435,4.304347826086956,35.1,0.8869565217391306,34.21304347826087,2015
G. McCloud,0.0,0.0,0.0,0.0,0.0,0.0,0.0,0.0,0.0,2015
J. Cunningham,0.39285714285714285,0.2,0.19285714285714284,3.5,0.0,3.5,3.25,0.03695652173913044,3.2130434782608694,2015
C. Hayes,0.4090909090909091,0.5416666666666666,-0.1325757575757575,2.0,0.08695652173913043,1.9130434782608696,3.8500000000000014,0.4434782608695653,3.406521739130436,2015
S. Brown,0.6,0.2857142857142857,0.3142857142857143,0.5,0.06521739130434782,0.43478260869565216,3.1499999999999995,-0.0021739130434782435,3.1521739130434776,2015
W. Barton,0.47368421052631576,0.39545454545454545,0.07822966507177032,12.0,0.8043478260869565,11.195652173913043,49.05000000000001,2.404347826086957,46.64565217391306,2015
B. Stith,0.0,0.0,0.0,0.0,0.0,0.0,0.0,0.0,0.0,2015
B. Lopez,0.4803921568627451,0.5183908045977011,-0.03799864773495604,10.5,1.934782608695652,8.565217391304348,77.65000000000002,14.452173913043477,63.19782608695654,2015
R. Jackson,0.4249084249084249,0.43706777316735823,-0.012159348258933333,32.5,2.630434782608696,29.869565217391305,58.55,7.991304347826093,50.5586956521739,2015
J. Gutierrez,0.5925925925925926,0.4375,0.15509259259259256,2.5,0.15217391304347827,2.3478260869565215,11.85,0.004347826086956564,11.845652173913043,2015
L. Babbitt,0.582089552238806,0.424,0.158089552238806,3.0,0.43478260869565216,2.5652173913043477,36.199999999999996,1.797826086956522,34.40217391304348,2015
D. Miller,0.25,0.0,0.25,0.5,0.0,0.5,-0.9500000000000001,-0.07608695652173914,-0.8739130434782609,2015
E. Jones,0.0,0.0,0.0,0.0,0.0,0.0,0.0,0.0,0.0,2015
R. McCallum,0.4166666666666667,0.44785276073619634,-0.031186094069529657,13.5,1.2608695652173914,12.23913043478261,23.500000000000007,3.821739130434783,19.678260869565225,2015
R. Bullock,0.2702702702702703,0.42424242424242425,-0.15397215397215397,2.0,0.08695652173913043,1.9130434782608696,2.1500000000000004,0.7282608695652175,1.4217391304347828,2015
D. Manning,0.0,0.0,0.0,0.0,0.0,0.0,0.0,0.0,0.0,2015
I. Rider,0.0,0.0,0.0,0.0,0.0,0.0,0.0,0.0,0.0,2015
S. Mitchell,0.0,0.0,0.0,0.0,0.0,0.0,0.0,0.0,0.0,2015
G. Stiemsma,0.7142857142857143,1.0,-0.2857142857142857,2.5,0.043478260869565216,2.4565217391304346,1.6500000000000021,0.09130434782608694,1.5586956521739153,2015
D. Scott,0.0,0.0,0.0,0.0,0.0,0.0,0.0,0.0,0.0,2015
P. Hairston,0.29545454545454547,0.3370165745856354,-0.04156202913108992,5.0,0.2608695652173913,4.739130434782608,12.200000000000006,1.6500000000000004,10.550000000000006,2015
R. Smith,0.36363636363636365,0.0,0.36363636363636365,4.0,0.08695652173913043,3.9130434782608696,4.5500000000000025,-0.13478260869565217,4.684782608695655,2015
D. Wood,0.0,0.0,0.0,0.0,0.0,0.0,0.0,0.0,0.0,2015
B. Haywood,0.4230769230769231,0.6,-0.1769230769230769,3.5,0.06521739130434782,3.4347826086956523,5.149999999999999,0.002173913043478253,5.14782608695652,2015
K. Gill,0.0,0.0,0.0,0.0,0.0,0.0,0.0,0.0,0.0,2015
J. Harris,0.4,0.39215686274509803,0.007843137254901988,10.0,0.17391304347826086,9.826086956521738,10.599999999999998,0.3956521739130435,10.204347826086954,2015
A. Kirk,0.25,0.0,0.25,0.0,0.0,0.0,0.7500000000000002,0.0,0.7500000000000002,2015
P. Tucker,0.5306122448979592,0.40757238307349664,0.12303986182446258,13.0,1.5217391304347827,11.478260869565217,77.1,6.913043478260872,70.18695652173912,2015
R. Kelly,0.2558139534883721,0.34962406015037595,-0.09381010666200384,4.0,0.6304347826086957,3.369565217391304,11.200000000000003,2.5586956521739133,8.64130434782609,2015
S. Danilovic,0.0,0.0,0.0,0.0,0.0,0.0,0.0,0.0,0.0,2015
J. Wolf,0.0,0.0,0.0,0.0,0.0,0.0,0.0,0.0,0.0,2015
R. Pack,0.0,0.0,0.0,0.0,0.0,0.0,0.0,0.0,0.0,2015
T. Splitter,0.5263157894736842,0.5481481481481482,-0.02183235867446398,5.0,1.2391304347826086,3.7608695652173916,24.050000000000004,5.180434782608694,18.86956521739131,2015
D. Wingfield,0.0,0.0,0.0,0.0,0.0,0.0,0.0,0.0,0.0,2015
D. Lee,0.5052631578947369,0.49612403100775193,0.009139126886984927,7.5,0.782608695652174,6.717391304347826,35.54999999999999,4.193478260869564,31.356521739130425,2015
B. Rush,0.24324324324324326,0.13043478260869565,0.11280846063454761,4.0,0.06521739130434782,3.9347826086956523,-2.4499999999999984,-0.1326086956521739,-2.3173913043478245,2015
K. Anderson,0.3142857142857143,0.37037037037037035,-0.05608465608465607,2.0,0.13043478260869565,1.8695652173913044,5.049999999999999,0.5956521739130435,4.454347826086956,2015
F. Garcia,0.2857142857142857,0.2619047619047619,0.02380952380952378,2.0,0.13043478260869565,1.8695652173913044,-1.9999999999999998,0.14347826086956522,-2.143478260869565,2015
C. Capela,0.43478260869565216,0.6756756756756757,-0.2408930669800235,2.5,0.06521739130434782,2.4347826086956523,4.499999999999999,0.9695652173913041,3.530434782608695,2015
K. Malone,0.0,0.0,0.0,0.0,0.0,0.0,0.0,0.0,0.0,2015
M. Leonard,0.5555555555555556,0.5056818181818182,0.04987373737373735,7.0,0.6086956521739131,6.391304347826087,47.0,3.110869565217391,43.88913043478261,2015
S. Respert,0.0,0.0,0.0,0.0,0.0,0.0,0.0,0.0,0.0,2015
A. Price,0.40625,0.3424657534246575,0.06378424657534248,2.0,0.21739130434782608,1.7826086956521738,17.0,0.3673913043478262,16.632608695652173,2015
P. Pressey,0.3717948717948718,0.35353535353535354,0.01825951825951827,9.0,0.5,8.5,16.5,0.6565217391304349,15.843478260869565,2015
G. Wallace,0.6,0.25,0.35,3.0,0.2608695652173913,2.739130434782609,6.100000000000001,0.16304347826086948,5.936956521739132,2015
M. Abdul-Rauf,0.0,0.0,0.0,0.0,0.0,0.0,0.0,0.0,0.0,2015
A. Harvey,0.0,0.0,0.0,0.0,0.0,0.0,0.0,0.0,0.0,2015
J. Rose,0.0,0.0,0.0,0.0,0.0,0.0,0.0,0.0,0.0,2015
T. Gugliotta,0.0,0.0,0.0,0.0,0.0,0.0,0.0,0.0,0.0,2015
J. Lamb,0.41964285714285715,0.41304347826086957,0.006599378881987583,5.5,0.34782608695652173,5.1521739130434785,37.95000000000001,1.9260869565217396,36.023913043478274,2015
R. Strickland,0.0,0.0,0.0,0.0,0.0,0.0,0.0,0.0,0.0,2015
B. Grant,0.0,0.0,0.0,0.0,0.0,0.0,0.0,0.0,0.0,2015
L. Hunter,0.0,0.0,0.0,0.0,0.0,0.0,0.0,0.0,0.0,2015
J. Evans,0.6086956521739131,0.5142857142857142,0.09440993788819885,1.0,0.06521739130434782,0.9347826086956522,20.200000000000003,0.7717391304347826,19.42826086956522,2015
T. Dehere,0.0,0.0,0.0,0.0,0.0,0.0,0.0,0.0,0.0,2015
W. Cherry,0.25,0.2857142857142857,-0.0357142857142857,1.0,0.043478260869565216,0.9565217391304348,2.1999999999999993,-0.05217391304347827,2.2521739130434777,2015
E. Green,0.32558139534883723,0.4342105263157895,-0.10862913096695226,4.0,0.13043478260869565,3.869565217391304,8.850000000000005,0.7695652173913045,8.0804347826087,2015
G. Davis,0.44166666666666665,0.4682080924855491,-0.02654142581888247,7.0,0.7391304347826086,6.260869565217392,30.749999999999993,2.130434782608696,28.619565217391298,2015
K. Duckworth,0.0,0.0,0.0,0.0,0.0,0.0,0.0,0.0,0.0,2015
S. Whittington,0.4444444444444444,0.4666666666666667,-0.022222222222222254,1.5,0.043478260869565216,1.4565217391304348,14.199999999999998,0.13695652173913042,14.063043478260868,2015
U. Haslem,0.4727272727272727,0.44021739130434784,0.03250988142292488,7.0,0.5869565217391305,6.413043478260869,19.299999999999997,2.2195652173913047,17.08043478260869,2015
L. Ellis,0.0,0.0,0.0,0.0,0.0,0.0,0.0,0.0,0.0,2015
P. Chilcutt,0.0,0.0,0.0,0.0,0.0,0.0,0.0,0.0,0.0,2015
M. Blaylock,0.0,0.0,0.0,0.0,0.0,0.0,0.0,0.0,0.0,2015
Y. Dare,0.0,0.0,0.0,0.0,0.0,0.0,0.0,0.0,0.0,2015
S. Rooks,0.0,0.0,0.0,0.0,0.0,0.0,0.0,0.0,0.0,2015
I. Smith,0.34146341463414637,0.4139344262295082,-0.07247101159536185,13.0,1.1304347826086956,11.869565217391305,16.150000000000016,1.4086956521739127,14.741304347826103,2015
A. Keefe,0.0,0.0,0.0,0.0,0.0,0.0,0.0,0.0,0.0,2015
T. Ruffin,0.0,0.0,0.0,0.0,0.0,0.0,0.0,0.0,0.0,2015
J. Hickson,0.4375,0.48703170028818443,-0.04953170028818443,10.5,1.6304347826086956,8.869565217391305,31.85,5.234782608695655,26.61521739130435,2015
H. Grant,0.0,0.0,0.0,0.0,0.0,0.0,0.0,0.0,0.0,2015
J. Barry,0.0,0.0,0.0,0.0,0.0,0.0,0.0,0.0,0.0,2015
J. Pargo,0.45454545454545453,0.38461538461538464,0.0699300699300699,1.5,0.0,1.5,5.55,0.13260869565217392,5.4173913043478255,2015
B. Biyombo,0.43333333333333335,0.5641025641025641,-0.13076923076923075,6.5,0.8478260869565217,5.6521739130434785,13.999999999999996,4.084782608695652,9.915217391304346,2015
S. Threatt,0.0,0.0,0.0,0.0,0.0,0.0,0.0,0.0,0.0,2015
D. Overton,0.0,0.0,0.0,0.0,0.0,0.0,0.0,0.0,0.0,2015
A. Morrow,0.4872881355932203,0.44854881266490765,0.03873932292831267,6.0,0.5652173913043478,5.434782608695652,97.20000000000002,6.4,90.80000000000001,2015
J. Howard,0.0,0.0,0.0,0.0,0.0,0.0,0.0,0.0,0.0,2015
K. Smith,0.0,0.0,0.0,0.0,0.0,0.0,0.0,0.0,0.0,2015
M. Muscala,0.5714285714285714,0.5483870967741935,0.02304147465437789,5.0,0.32608695652173914,4.673913043478261,44.40000000000001,1.4717391304347829,42.92826086956523,2015
T. Murray,0.0,0.0,0.0,0.0,0.0,0.0,0.0,0.0,0.0,2015
B. Thompson,0.0,0.0,0.0,0.0,0.0,0.0,0.0,0.0,0.0,2015
R. Miller,0.0,0.0,0.0,0.0,0.0,0.0,0.0,0.0,0.0,2015
R. Turiaf,0.0,0.0,0.0,0.0,0.0,0.0,0.15,0.0,0.15,2015
D. Harper,0.0,0.0,0.0,0.0,0.0,0.0,0.0,0.0,0.0,2015
M. Carter-Williams,0.39655172413793105,0.39869281045751637,-0.002141086319585317,34.0,4.369565217391305,29.630434782608695,41.349999999999994,5.821739130434779,35.528260869565216,2015
D. Gordon,0.375,0.45454545454545453,-0.07954545454545453,2.0,0.08695652173913043,1.9130434782608696,-0.3999999999999999,0.06304347826086962,-0.46304347826086956,2015
G. Harris,0.3300970873786408,0.2807017543859649,0.0493953329926759,9.0,0.43478260869565216,8.565217391304348,21.35,0.1478260869565216,21.20217391304348,2015
V. Oladipo,0.4067796610169492,0.4435294117647059,-0.036749750747756715,25.0,3.347826086956522,21.652173913043477,64.7,10.865217391304347,53.834782608695654,2015
L. Eackles,0.0,0.0,0.0,0.0,0.0,0.0,0.0,0.0,0.0,2015
W. Person,0.0,0.0,0.0,0.0,0.0,0.0,0.0,0.0,0.0,2015
G. Robinson III,0.3333333333333333,0.4411764705882353,-0.10784313725490197,2.5,0.13043478260869565,2.369565217391304,9.450000000000001,0.3282608695652175,9.121739130434783,2015
A. Bowie,0.0,0.0,0.0,0.0,0.0,0.0,0.0,0.0,0.0,2015
K. Johnson,0.0,0.0,0.0,0.0,0.0,0.0,0.0,0.0,0.0,2015
B. Price,0.0,0.0,0.0,0.0,0.0,0.0,0.0,0.0,0.0,2015
H. Eisley,0.0,0.0,0.0,0.0,0.0,0.0,0.0,0.0,0.0,2015
B. Benjamin,0.0,0.0,0.0,0.0,0.0,0.0,0.0,0.0,0.0,2015
J. Jenkins,0.4791666666666667,0.5263157894736842,-0.047149122807017496,1.5,0.10869565217391304,1.391304347826087,24.550000000000008,1.091304347826087,23.458695652173922,2015
L. Amundson,0.5581395348837209,0.4009433962264151,0.1571961386573058,7.5,1.0217391304347827,6.478260869565217,13.45,1.4782608695652184,11.97173913043478,2015
J. Jones,0.3565217391304348,0.36645962732919257,-0.009937888198757794,5.0,0.17391304347826086,4.826086956521739,28.099999999999994,2.4152173913043478,25.684782608695645,2015
T. Hill,0.0,0.0,0.0,0.0,0.0,0.0,0.0,0.0,0.0,2015
G. Hill,0.49635036496350365,0.46984924623115576,0.026501118732347895,6.0,1.2391304347826086,4.760869565217392,57.44999999999999,5.97608695652174,51.47391304347825,2015
N. Vonleh,0.3488372093023256,0.45454545454545453,-0.10570824524312894,2.5,0.13043478260869565,2.369565217391304,12.050000000000004,0.532608695652174,11.51739130434783,2015
Z. Dragic,0.29411764705882354,0.46153846153846156,-0.16742081447963802,1.5,0.043478260869565216,1.4565217391304348,-0.349999999999999,0.18043478260869567,-0.5304347826086946,2015
D. Ferrell,0.0,0.0,0.0,0.0,0.0,0.0,0.0,0.0,0.0,2015
T. Warren,0.5681818181818182,0.5,0.06818181818181823,6.0,0.32608695652173914,5.673913043478261,34.95,1.4043478260869566,33.54565217391305,2015
D. Granger,0.35555555555555557,0.4188034188034188,-0.06324786324786325,3.0,0.391304347826087,2.608695652173913,8.199999999999992,1.443478260869565,6.756521739130427,2015
J. Stokes,0.625,0.46153846153846156,0.16346153846153844,1.5,0.08695652173913043,1.4130434782608696,13.05,0.1478260869565217,12.902173913043478,2015
J. Adams,0.4166666666666667,0.41379310344827586,0.002873563218390829,4.0,0.13043478260869565,3.869565217391304,16.849999999999998,0.3804347826086957,16.469565217391303,2015
R. Covington,0.40106951871657753,0.3936731107205624,0.007396407996015153,12.0,2.260869565217391,9.73913043478261,76.8,7.652173913043481,69.14782608695651,2015
C. Webber,0.0,0.0,0.0,0.0,0.0,0.0,0.0,0.0,0.0,2015
M. Jackson,0.0,0.0,0.0,0.0,0.0,0.0,0.0,0.0,0.0,2015
G. Long,0.0,0.0,0.0,0.0,0.0,0.0,0.0,0.0,0.0,2015
N. Young,0.3867403314917127,0.3525423728813559,0.03419795861035679,7.5,0.6304347826086957,6.869565217391305,62.75,3.045652173913044,59.70434782608696,2015
B. Shaw,0.0,0.0,0.0,0.0,0.0,0.0,0.0,0.0,0.0,2015
D. Smith,0.0,0.0,0.0,0.0,0.0,0.0,0.0,0.0,0.0,2015
B. Curley,0.0,0.0,0.0,0.0,0.0,0.0,0.0,0.0,0.0,2015
B. Beal,0.3568627450980392,0.4434673366834171,-0.08660459158537787,19.0,2.4130434782608696,16.58695652173913,49.25,10.660869565217393,38.589130434782604,2015
R. Harper,0.0,0.0,0.0,0.0,0.0,0.0,0.0,0.0,0.0,2015
K. Pritchard,0.0,0.0,0.0,0.0,0.0,0.0,0.0,0.0,0.0,2015
D. Schrempf,0.0,0.0,0.0,0.0,0.0,0.0,0.0,0.0,0.0,2015
T. Smith,0.0,0.0,0.0,0.0,0.0,0.0,0.0,0.0,0.0,2015
K. Lucas,0.0,0.0,0.0,0.0,0.0,0.0,0.0,-0.0021739130434782605,0.0021739130434782605,2015
P. Ellison,0.0,0.0,0.0,0.0,0.0,0.0,0.0,0.0,0.0,2015
K. Jennings,0.0,0.0,0.0,0.0,0.0,0.0,0.0,0.0,0.0,2015
J. Malone,0.0,0.0,0.0,0.0,0.0,0.0,0.0,0.0,0.0,2015
D. Majerle,0.0,0.0,0.0,0.0,0.0,0.0,0.0,0.0,0.0,2015
L. Yuan,0.0,0.0,0.0,0.0,0.0,0.0,0.0,0.0,0.0,2015
J. Robinson,0.0,0.0,0.0,0.0,0.0,0.0,0.0,0.0,0.0,2015
M. Adams,0.0,0.0,0.0,0.0,0.0,0.0,0.0,0.0,0.0,2015
B. Caboclo,0.3333333333333333,0.0,0.3333333333333333,2.0,0.0,2.0,-0.6999999999999997,0.0,-0.6999999999999997,2015
L. Nogueira,0.25,0.0,0.25,1.0,0.0,1.0,0.6499999999999999,0.0,0.6499999999999999,2015
D. Powell,0.42857142857142855,0.5,-0.07142857142857145,4.5,0.043478260869565216,4.456521739130435,12.95,0.4826086956521739,12.467391304347826,2015
T. Brandon,0.0,0.0,0.0,0.0,0.0,0.0,0.0,0.0,0.0,2015
J. Grayer,0.0,0.0,0.0,0.0,0.0,0.0,0.0,0.0,0.0,2015
N. Mohammed,0.4,0.4117647058823529,-0.0117647058823529,1.5,0.08695652173913043,1.4130434782608696,2.799999999999999,0.17826086956521742,2.6217391304347815,2015
J. Battle,0.0,0.0,0.0,0.0,0.0,0.0,0.0,0.0,0.0,2015
J. Calderon,0.4090909090909091,0.4161290322580645,-0.007038123167155408,3.5,1.4782608695652173,2.0217391304347827,10.95,2.884782608695653,8.065217391304346,2015
G. Grant,0.0,0.0,0.0,0.0,0.0,0.0,0.0,0.0,0.0,2015
C. Morris,0.0,0.0,0.0,0.0,0.0,0.0,0.0,0.0,0.0,2015
E. Montross,0.0,0.0,0.0,0.0,0.0,0.0,0.0,0.0,0.0,2015
D. Wesley,0.0,0.0,0.0,0.0,0.0,0.0,0.0,0.0,0.0,2015
M. Brown,0.36363636363636365,0.3624161073825503,0.0012202562538133344,5.5,0.391304347826087,5.108695652173913,16.5,1.6782608695652177,14.821739130434782,2015
K. Edwards,0.0,0.0,0.0,0.0,0.0,0.0,0.0,0.0,0.0,2015
N. Calathes,0.4188034188034188,0.4036144578313253,0.01518896097209349,14.0,0.9347826086956522,13.065217391304348,15.149999999999999,1.6347826086956525,13.515217391304347,2015
R. Manning,0.0,0.0,0.0,0.0,0.0,0.0,0.0,0.0,0.0,2015
L. Longley,0.0,0.0,0.0,0.0,0.0,0.0,0.0,0.0,0.0,2015
O. Polynice,0.0,0.0,0.0,0.0,0.0,0.0,0.0,0.0,0.0,2015
S. Colter,0.0,0.0,0.0,0.0,0.0,0.0,0.0,0.0,0.0,2015
C. Martin,0.38461538461538464,0.18518518518518517,0.19943019943019946,1.5,0.043478260869565216,1.4565217391304348,3.9499999999999993,-0.15217391304347822,4.102173913043478,2015
B. Tyler,0.0,0.0,0.0,0.0,0.0,0.0,0.0,0.0,0.0,2015
D. Morton,0.0,0.0,0.0,0.0,0.0,0.0,0.0,0.0,0.0,2015
G. Jerrett,0.24,1.0,-0.76,1.5,0.0,1.5,-1.8500000000000014,0.03478260869565217,-1.8847826086956536,2015
D. West,0.4329896907216495,0.4770797962648557,-0.04409010554320619,9.5,2.1956521739130435,7.304347826086957,29.10000000000001,7.3673913043478265,21.732608695652182,2015
C. Watson,0.39849624060150374,0.4507042253521127,-0.05220798475060895,14.5,1.5434782608695652,12.956521739130435,43.60000000000001,4.6695652173913045,38.93043478260871,2015
A. McKie,0.0,0.0,0.0,0.0,0.0,0.0,0.0,0.0,0.0,2015
W. Anderson,0.0,0.0,0.0,0.0,0.0,0.0,0.0,0.0,0.0,2015
J. Stockton,0.0,0.0,0.0,0.0,0.0,0.0,0.0,0.0,0.0,2015
J. Grant,0.37254901960784315,0.344,0.028549019607843173,10.0,1.4130434782608696,8.58695652173913,20.39999999999999,2.1434782608695646,18.256521739130427,2015
D. Mutombo,0.0,0.0,0.0,0.0,0.0,0.0,0.0,0.0,0.0,2015
E. Moreland,1.0,0.0,1.0,0.0,0.0,0.0,0.7999999999999998,0.0,0.7999999999999998,2015
H. Olajuwon,0.0,0.0,0.0,0.0,0.0,0.0,0.0,0.0,0.0,2015
J. Watson,0.0,0.0,0.0,0.0,0.0,0.0,0.0,0.0,0.0,2015
H. Whiteside,0.6818181818181818,0.616822429906542,0.06499575191163975,7.0,0.9565217391304348,6.043478260869565,41.750000000000014,7.269565217391305,34.48043478260871,2015
H. Williams,0.0,0.0,0.0,0.0,0.0,0.0,0.0,0.0,0.0,2015
J. Adrien,0.45,0.4166666666666667,0.033333333333333326,3.0,0.06521739130434782,2.9347826086956523,9.8,0.36739130434782613,9.432608695652174,2015
G. Datome,0.5263157894736842,0.39473684210526316,0.13157894736842102,2.0,0.10869565217391304,1.891304347826087,19.599999999999998,0.34130434782608693,19.258695652173913,2015
P. Jones,0.0,0.0,0.0,0.0,0.0,0.0,0.0,0.0,0.0,2015
K. Durant,0.44761904761904764,0.5276243093922652,-0.0800052617732176,4.0,1.434782608695652,2.5652173913043477,39.900000000000006,7.615217391304347,32.28478260869566,2015
T. Mills,0.0,0.0,0.0,0.0,0.0,0.0,0.0,0.0,0.0,2015
D. Alston,0.0,0.0,0.0,0.0,0.0,0.0,0.0,0.0,0.0,2015
C. Wilcox,0.4444444444444444,0.0,0.4444444444444444,5.0,0.0,5.0,7.449999999999999,-0.03913043478260869,7.4891304347826075,2015
M. Conlon,0.0,0.0,0.0,0.0,0.0,0.0,0.0,0.0,0.0,2015
D. Cunningham,0.48148148148148145,0.4646840148698885,0.01679746661159298,3.5,0.6086956521739131,2.891304347826087,31.750000000000007,3.5630434782608695,28.186956521739138,2015
D. Schintzius,0.0,0.0,0.0,0.0,0.0,0.0,0.0,0.0,0.0,2015
G. Anderson,0.0,0.0,0.0,0.0,0.0,0.0,0.0,0.0,0.0,2015
D. Hancock,0.0,0.0,0.0,0.0,0.0,0.0,0.0,0.0,0.0,2015
J. Newman,0.0,0.0,0.0,0.0,0.0,0.0,0.0,0.0,0.0,2015
V. Maxwell,0.0,0.0,0.0,0.0,0.0,0.0,0.0,0.0,0.0,2015
B. Outlaw,0.0,0.0,0.0,0.0,0.0,0.0,0.0,0.0,0.0,2015
N. Anderson,0.0,0.0,0.0,0.0,0.0,0.0,0.0,0.0,0.0,2015
G. Mekel,0.09090909090909091,0.2222222222222222,-0.1313131313131313,0.0,0.043478260869565216,-0.043478260869565216,-1.5,-0.08478260869565217,-1.4152173913043478,2015
R. Jordan,0.0,0.0,0.0,0.0,0.0,0.0,0.0,0.0,0.0,2015
D. Radja,0.0,0.0,0.0,0.0,0.0,0.0,0.0,0.0,0.0,2015
L. Sprewell,0.0,0.0,0.0,0.0,0.0,0.0,0.0,0.0,0.0,2015
C. Drexler,0.0,0.0,0.0,0.0,0.0,0.0,0.0,0.0,0.0,2015
S. King,0.0,0.0,0.0,0.0,0.0,0.0,0.0,0.0,0.0,2015
P. Brown,0.0,0.0,0.0,0.0,0.0,0.0,0.0,0.0,0.0,2015
B. Dele,0.0,0.0,0.0,0.0,0.0,0.0,0.0,0.0,0.0,2015
M. Lee,0.0,0.0,0.0,0.0,0.0,0.0,-0.35,0.0,-0.35,2015
T. Day,0.0,0.0,0.0,0.0,0.0,0.0,0.0,0.0,0.0,2015
E. Pinckney,0.0,0.0,0.0,0.0,0.0,0.0,0.0,0.0,0.0,2015
J. Koncak,0.0,0.0,0.0,0.0,0.0,0.0,0.0,0.0,0.0,2015
D. Morris,0.36764705882352944,0.28205128205128205,0.08559577677224739,6.0,0.1956521739130435,5.804347826086956,6.300000000000004,-0.08695652173913046,6.386956521739135,2015
M. Booker,0.0,0.0,0.0,0.0,0.0,0.0,0.0,0.0,0.0,2015
D. McKey,0.0,0.0,0.0,0.0,0.0,0.0,0.0,0.0,0.0,2015
J. Meeks,0.4106280193236715,0.41896024464831805,-0.008332225324646558,12.0,0.717391304347826,11.282608695652174,73.15,4.958695652173914,68.19130434782609,2015
C. Ward,0.0,0.0,0.0,0.0,0.0,0.0,0.0,0.0,0.0,2015
J. Williams,0.0,0.0,0.0,0.0,0.0,0.0,0.0,0.0,0.0,2015
T. Hammonds,0.0,0.0,0.0,0.0,0.0,0.0,0.0,0.0,0.0,2015
M. McGary,0.4915254237288136,0.5566037735849056,-0.06507834985609207,6.0,0.41304347826086957,5.586956521739131,20.250000000000004,1.7195652173913043,18.5304347826087,2015
A. Houston,0.0,0.0,0.0,0.0,0.0,0.0,0.0,0.0,0.0,2015
F. Aldemir,0.6190476190476191,0.47368421052631576,0.1453634085213033,2.0,0.2826086956521739,1.7173913043478262,15.549999999999997,0.6891304347826085,14.860869565217389,2015
T. Kukoc,0.0,0.0,0.0,0.0,0.0,0.0,0.0,0.0,0.0,2015
A. Tucker,0.0,0.0,0.0,0.0,0.0,0.0,0.0,0.0,0.0,2015
N. McMillan,0.0,0.0,0.0,0.0,0.0,0.0,0.0,0.0,0.0,2015
A. Avent,0.0,0.0,0.0,0.0,0.0,0.0,0.0,0.0,0.0,2015
D. Royal,0.0,0.0,0.0,0.0,0.0,0.0,0.0,0.0,0.0,2015
J. O'Bryant III,0.3,0.3977272727272727,-0.09772727272727272,5.0,0.32608695652173914,4.673913043478261,-2.8499999999999996,0.36086956521739166,-3.2108695652173913,2015
T. Legler,0.0,0.0,0.0,0.0,0.0,0.0,0.0,0.0,0.0,2015
F. Hoiberg,0.0,0.0,0.0,0.0,0.0,0.0,0.0,0.0,0.0,2015
J. Reid,0.0,0.0,0.0,0.0,0.0,0.0,0.0,0.0,0.0,2015
E. Mobley,0.0,0.0,0.0,0.0,0.0,0.0,0.0,0.0,0.0,2015
R. Ledo,0.3783783783783784,0.3050847457627119,0.07329363261566652,4.0,0.391304347826087,3.608695652173913,3.3500000000000023,0.19347826086956535,3.156521739130437,2015
C. Ehlo,0.0,0.0,0.0,0.0,0.0,0.0,0.0,0.0,0.0,2015
C. King,0.0,0.0,0.0,0.0,0.0,0.0,0.0,0.0,0.0,2015
V. Del Negro,0.0,0.0,0.0,0.0,0.0,0.0,0.0,0.0,0.0,2015
A. Lister,0.0,0.0,0.0,0.0,0.0,0.0,0.0,0.0,0.0,2015
S. Perkins,0.0,0.0,0.0,0.0,0.0,0.0,0.0,0.0,0.0,2015
A. Lang,0.0,0.0,0.0,0.0,0.0,0.0,0.0,0.0,0.0,2015
R. Smits,0.0,0.0,0.0,0.0,0.0,0.0,0.0,0.0,0.0,2015
J. Taylor,0.38636363636363635,0.4,-0.013636363636363669,3.0,0.2826086956521739,2.717391304347826,10.450000000000003,0.7130434782608697,9.736956521739133,2015
C. Rozier,0.0,0.0,0.0,0.0,0.0,0.0,0.0,0.0,0.0,2015
V. Claver,0.36363636363636365,0.5555555555555556,-0.19191919191919193,1.0,0.043478260869565216,0.9565217391304348,2.1500000000000004,0.16304347826086957,1.9869565217391307,2015
V. Divac,0.0,0.0,0.0,0.0,0.0,0.0,0.0,0.0,0.0,2015
C. Rogers,0.0,0.0,0.0,0.0,0.0,0.0,0.0,0.0,0.0,2015
R. Mahorn,0.0,0.0,0.0,0.0,0.0,0.0,0.0,0.0,0.0,2015
S. Smith,0.0,0.0,0.0,0.0,0.0,0.0,0.0,0.0,0.0,2015
M. Bryant,0.0,0.0,0.0,0.0,0.0,0.0,0.0,0.0,0.0,2015
A. Payne,0.3333333333333333,0.430939226519337,-0.09760589318600371,5.0,0.7391304347826086,4.260869565217392,5.25,1.4456521739130437,3.804347826086956,2015
V. Askew,0.0,0.0,0.0,0.0,0.0,0.0,0.0,0.0,0.0,2015
G. Anthony,0.0,0.0,0.0,0.0,0.0,0.0,0.0,0.0,0.0,2015
B. Wennington,0.0,0.0,0.0,0.0,0.0,0.0,0.0,0.0,0.0,2015
P. Christopher,0.0,0.3,-0.3,0.0,0.021739130434782608,-0.021739130434782608,-0.95,0.0021739130434782435,-0.9521739130434782,2015
P. Mills,0.37333333333333335,0.40789473684210525,-0.034561403508771904,11.0,0.391304347826087,10.608695652173912,35.24999999999999,2.884782608695652,32.36521739130434,2015
R. Felton,0.390625,0.38596491228070173,0.004660087719298267,4.5,0.1956521739130435,4.304347826086956,14.850000000000001,0.38043478260869573,14.469565217391306,2015
J. Dumars,0.0,0.0,0.0,0.0,0.0,0.0,0.0,0.0,0.0,2015
M. Webster,0.23404255319148937,0.30434782608695654,-0.07030527289546717,8.0,0.13043478260869565,7.869565217391305,2.349999999999998,0.6652173913043479,1.68478260869565,2015
M. Cage,0.0,0.0,0.0,0.0,0.0,0.0,0.0,0.0,0.0,2015
A. Bargnani,0.42028985507246375,0.4623287671232877,-0.04203891205082394,0.5,0.8913043478260869,-0.3913043478260869,19.049999999999997,3.7760869565217403,15.273913043478256,2015
M. Butler,0.0,0.0,0.0,0.0,0.0,0.0,0.0,0.0,0.0,2015
T. Murry,0.4,0.0,0.4,2.0,0.0,2.0,-0.10000000000000009,0.0,-0.10000000000000009,2015
L. Thompson,0.0,0.0,0.0,0.0,0.0,0.0,0.0,0.0,0.0,2015
E. Millsap,0.34146341463414637,0.33974358974358976,0.0017198248905566094,9.0,1.065217391304348,7.934782608695652,20.99999999999999,0.9608695652173911,20.0391304347826,2015
A. Mason,0.0,0.0,0.0,0.0,0.0,0.0,0.0,0.0,0.0,2015
M. Smith,0.0,0.0,0.0,0.0,0.0,0.0,0.0,0.0,0.0,2015
G. Foster,0.0,0.0,0.0,0.0,0.0,0.0,0.0,0.0,0.0,2015
L. Galloway,0.4032258064516129,0.3979328165374677,0.005292989914145174,8.5,0.9565217391304348,7.543478260869565,43.60000000000001,3.4804347826086968,40.11956521739131,2015
E. Williams,0.47368421052631576,0.2777777777777778,0.19590643274853797,1.5,0.021739130434782608,1.4782608695652173,6.100000000000001,0.019565217391304346,6.080434782608697,2015
J. Kleine,0.0,0.0,0.0,0.0,0.0,0.0,0.0,0.0,0.0,2015
D. Rodman,0.0,0.0,0.0,0.0,0.0,0.0,0.0,0.0,0.0,2015
W. Tisdale,0.0,0.0,0.0,0.0,0.0,0.0,0.0,0.0,0.0,2015
R. Williams,0.35294117647058826,0.6,-0.24705882352941172,1.0,0.0,1.0,4.249999999999999,0.14130434782608692,4.108695652173912,2015
M. Raduljica,0.3333333333333333,0.4,-0.06666666666666671,0.0,0.043478260869565216,-0.043478260869565216,0.9000000000000001,-0.019565217391304367,0.9195652173913045,2015
D. Barros,0.0,0.0,0.0,0.0,0.0,0.0,0.0,0.0,0.0,2015
D. Schayes,0.0,0.0,0.0,0.0,0.0,0.0,0.0,0.0,0.0,2015
K. Reeves,0.0,0.0,0.0,0.0,0.0,0.0,0.0,0.0,0.0,2015
F. Spencer,0.0,0.0,0.0,0.0,0.0,0.0,0.0,0.0,0.0,2015
S. Douglas,0.0,0.0,0.0,0.0,0.0,0.0,0.0,0.0,0.0,2015
A. Bonner,0.0,0.0,0.0,0.0,0.0,0.0,0.0,0.0,0.0,2015
P. Ewing,0.0,0.0,0.0,0.0,0.0,0.0,0.0,0.0,0.0,2015
T. Johnson,0.4393939393939394,0.40594059405940597,0.033453345334533424,4.0,0.4782608695652174,3.5217391304347827,26.64999999999999,1.136956521739131,25.51304347826086,2015
V. Baker,0.0,0.0,0.0,0.0,0.0,0.0,0.0,0.0,0.0,2015
L. Drew II,0.375,0.3333333333333333,0.041666666666666685,3.5,0.391304347826087,3.108695652173913,-0.09999999999999964,-0.1413043478260869,0.041304347826087245,2015
A. Mourning,0.0,0.0,0.0,0.0,0.0,0.0,0.0,0.0,0.0,2015
D. Jones,0.47058823529411764,0.0,0.47058823529411764,0.0,0.021739130434782608,-0.021739130434782608,7.650000000000002,-0.18260869565217389,7.832608695652176,2015
Q. Miller,0.4,0.05555555555555555,0.34444444444444444,0.0,0.10869565217391304,-0.10869565217391304,6.749999999999999,-0.09347826086956522,6.843478260869564,2015
C. Brown,0.0,0.0,0.0,0.0,0.0,0.0,0.0,0.0,0.0,2015
L. Mayberry,0.0,0.0,0.0,0.0,0.0,0.0,0.0,0.0,0.0,2015
C. Smith,0.0,0.0,0.0,0.0,0.0,0.0,0.0,0.0,0.0,2015
J. McAdoo,0.5333333333333333,0.5882352941176471,-0.05490196078431375,2.5,0.043478260869565216,2.4565217391304346,12.649999999999999,0.34130434782608693,12.308695652173911,2015
N. Van Exel,0.0,0.0,0.0,0.0,0.0,0.0,0.0,0.0,0.0,2015
J. Starks,0.0,0.0,0.0,0.0,0.0,0.0,0.0,0.0,0.0,2015
K. Askins,0.0,0.0,0.0,0.0,0.0,0.0,0.0,0.0,0.0,2015
R. Grandison,0.0,0.0,0.0,0.0,0.0,0.0,0.0,0.0,0.0,2015
S. Kemp,0.0,0.0,0.0,0.0,0.0,0.0,0.0,0.0,0.0,2015
D. Edwards,0.0,0.0,0.0,0.0,0.0,0.0,0.0,0.0,0.0,2015
W. Burton,0.0,0.0,0.0,0.0,0.0,0.0,0.0,0.0,0.0,2015
R. Parish,0.0,0.0,0.0,0.0,0.0,0.0,0.0,0.0,0.0,2015
E. Clark,0.2222222222222222,0.4090909090909091,-0.1868686868686869,1.0,0.08695652173913043,0.9130434782608696,0.3000000000000007,0.18913043478260877,0.11086956521739194,2015
C. Childs,0.0,0.0,0.0,0.0,0.0,0.0,0.0,0.0,0.0,2015
T. Frazier,0.37037037037037035,0.3142857142857143,0.05608465608465607,3.0,0.43478260869565216,2.5652173913043477,6.1,-0.31739130434782614,6.4173913043478255,2015
A. Peeler,0.0,0.0,0.0,0.0,0.0,0.0,0.0,0.0,0.0,2015
K. Gamble,0.0,0.0,0.0,0.0,0.0,0.0,0.0,0.0,0.0,2015
L. Brown,0.358974358974359,0.4578313253012048,-0.09885696632684582,3.5,0.5,3.0,9.650000000000006,0.7543478260869567,8.89565217391305,2015
A. Toolson,0.0,0.0,0.0,0.0,0.0,0.0,0.0,0.0,0.0,2015
T. Thomas,1.0,0.0,1.0,0.0,0.0,0.0,1.85,0.0,1.85,2015
J. Edwards,0.0,0.0,0.0,0.0,0.0,0.0,0.0,0.0,0.0,2015
E. Perry,0.0,0.0,0.0,0.0,0.0,0.0,0.0,0.0,0.0,2015
B. Hurley,0.0,0.0,0.0,0.0,0.0,0.0,0.0,0.0,0.0,2015
G. Minor,0.0,0.0,0.0,0.0,0.0,0.0,0.0,0.0,0.0,2015
D. Armstrong,0.0,0.0,0.0,0.0,0.0,0.0,0.0,0.0,0.0,2015
S. Rusconi,0.0,0.0,0.0,0.0,0.0,0.0,0.0,0.0,0.0,2015
R. Dumas,0.0,0.0,0.0,0.0,0.0,0.0,0.0,0.0,0.0,2015
J. Lucas III,0.425531914893617,0.38596491228070173,0.03956700261291529,3.0,0.21739130434782608,2.782608695652174,8.05,0.3369565217391304,7.71304347826087,2015
D. Christie,0.0,0.0,0.0,0.0,0.0,0.0,0.0,0.0,0.0,2015
A. Hardaway,0.0,0.0,0.0,0.0,0.0,0.0,0.0,0.0,0.0,2015
D. Phelps,0.0,0.0,0.0,0.0,0.0,0.0,0.0,0.0,0.0,2015
C. Jones,0.0,0.0,0.0,0.0,0.0,0.0,0.0,0.0,0.0,2015
C. Weatherspoon,0.0,0.0,0.0,0.0,0.0,0.0,0.0,0.0,0.0,2015
F. Roberts,0.0,0.0,0.0,0.0,0.0,0.0,0.0,0.0,0.0,2015
S. Haskin,0.0,0.0,0.0,0.0,0.0,0.0,0.0,0.0,0.0,2015
T. Douglas,0.42857142857142855,0.30434782608695654,0.124223602484472,3.5,0.06521739130434782,3.4347826086956523,7.800000000000001,0.10652173913043483,7.693478260869566,2015
J. Mashburn,0.0,0.0,0.0,0.0,0.0,0.0,0.0,0.0,0.0,2015
D. Simpkins,0.0,0.0,0.0,0.0,0.0,0.0,0.0,0.0,0.0,2015
S. Marciulionis,0.0,0.0,0.0,0.0,0.0,0.0,0.0,0.0,0.0,2015
C. Person,0.0,0.0,0.0,0.0,0.0,0.0,0.0,0.0,0.0,2015
B. James,0.4444444444444444,0.4444444444444444,0.0,0.5,0.10869565217391304,0.391304347826087,8.4,0.27826086956521734,8.121739130434783,2015
D. Strong,0.0,0.0,0.0,0.0,0.0,0.0,0.0,0.0,0.0,2015
J. Richardson,0.3548387096774194,0.3469387755102041,0.007899934167215295,1.0,0.30434782608695654,0.6956521739130435,9.799999999999999,1.21304347826087,8.586956521739129,2015
B. Owens,0.0,0.0,0.0,0.0,0.0,0.0,0.0,0.0,0.0,2015
D. Stockton,0.2,1.0,-0.8,2.0,0.0,2.0,-0.1499999999999999,0.04130434782608696,-0.19130434782608688,2015
J. Lauvergne,0.42857142857142855,0.3888888888888889,0.03968253968253965,4.0,0.30434782608695654,3.6956521739130435,7.15,0.39782608695652183,6.752173913043478,2015
H. Walker,0.2608695652173913,0.3770491803278688,-0.11617961511047753,2.0,0.43478260869565216,1.565217391304348,6.550000000000001,1.289130434782609,5.260869565217392,2015
E. Barron,0.13333333333333333,0.4166666666666667,-0.2833333333333333,1.0,0.06521739130434782,0.9347826086956522,-1.2499999999999996,0.14347826086956522,-1.3934782608695648,2015
T. Cummings,0.0,0.0,0.0,0.0,0.0,0.0,0.0,0.0,0.0,2015
A. Carr,0.0,0.0,0.0,0.0,0.0,0.0,0.0,0.0,0.0,2015
D. Ellis,0.0,0.0,0.0,0.0,0.0,0.0,0.0,0.0,0.0,2015
V. Lenard,0.0,0.0,0.0,0.0,0.0,0.0,0.0,0.0,0.0,2015
D. Vaughn,0.0,0.0,0.0,0.0,0.0,0.0,0.0,0.0,0.0,2015
S. O'Neal,0.0,0.0,0.0,0.0,0.0,0.0,0.0,0.0,0.0,2015
M. Beasley,0.4444444444444444,0.42857142857142855,0.015873015873015872,5.5,0.5652173913043478,4.934782608695652,17.95,0.8434782608695649,17.106521739130436,2015
B. Cotton,0.37142857142857144,0.47058823529411764,-0.0991596638655462,2.5,0.15217391304347827,2.3478260869565215,7.15,0.4956521739130435,6.654347826086957,2015
J. Cooley,0.3,0.5,-0.2,0.0,0.06521739130434782,-0.06521739130434782,3.8500000000000005,0.08695652173913049,3.76304347826087,2015
J. Buechler,0.0,0.0,0.0,0.0,0.0,0.0,0.0,0.0,0.0,2015
C. Ceballos,0.0,0.0,0.0,0.0,0.0,0.0,0.0,0.0,0.0,2015
C. Herrera,0.0,0.0,0.0,0.0,0.0,0.0,0.0,0.0,0.0,2015
M. Bogues,0.0,0.0,0.0,0.0,0.0,0.0,0.0,0.0,0.0,2015
K. Tower,0.0,0.0,0.0,0.0,0.0,0.0,0.0,0.0,0.0,2015
G. Lynch,0.0,0.0,0.0,0.0,0.0,0.0,0.0,0.0,0.0,2015
T. Breaux,0.0,0.0,0.0,0.0,0.0,0.0,0.0,0.0,0.0,2015
Z. Tabak,0.0,0.0,0.0,0.0,0.0,0.0,0.0,0.0,0.0,2015
D. Brown,0.0,0.0,0.0,0.0,0.0,0.0,0.0,0.0,0.0,2015
J. Benimon,0.0,0.0,0.0,0.0,0.021739130434782608,-0.021739130434782608,0.0,-0.0021739130434782626,0.0021739130434782626,2015
M. Bragg,0.0,0.0,0.0,0.0,0.0,0.0,0.0,0.0,0.0,2015
A. Caldwell,0.0,0.0,0.0,0.0,0.0,0.0,0.0,0.0,0.0,2015
J. Brown,0.35294117647058826,0.4369747899159664,-0.08403361344537813,6.0,0.43478260869565216,5.565217391304348,12.550000000000004,1.7413043478260872,10.808695652173917,2015
D. Martin,0.0,0.0,0.0,0.0,0.0,0.0,0.0,0.0,0.0,2015
G. Robinson,0.0,0.0,0.0,0.0,0.0,0.0,0.0,0.0,0.0,2015
R. Fox,0.0,0.0,0.0,0.0,0.0,0.0,0.0,0.0,0.0,2015
G. Muresan,0.0,0.0,0.0,0.0,0.0,0.0,0.0,0.0,0.0,2015
S. Kilpatrick,0.4444444444444444,0.2727272727272727,0.1717171717171717,0.5,0.021739130434782608,0.4782608695652174,3.400000000000001,0.1217391304347826,3.278260869565218,2015
S. Augmon,0.0,0.0,0.0,0.0,0.0,0.0,0.0,0.0,0.0,2015
P. Zhenqi,0.0,0.0,0.0,0.0,0.0,0.0,0.0,0.0,0.0,2015
L. Harris,0.0,0.0,0.0,0.0,0.0,0.0,0.0,0.0,0.0,2015
D. Curry,0.0,0.0,0.0,0.0,0.0,0.0,0.0,0.0,0.0,2015
E. Leckner,0.0,0.0,0.0,0.0,0.0,0.0,0.0,0.0,0.0,2015
P. Richardson,0.0,0.0,0.0,0.0,0.0,0.0,0.0,0.0,0.0,2015
W. Bynum,0.2962962962962963,0.5,-0.20370370370370372,3.5,0.13043478260869565,3.369565217391304,-0.7999999999999989,0.07391304347826091,-0.8739130434782598,2015
D. Ferry,0.0,0.0,0.0,0.0,0.0,0.0,0.0,0.0,0.0,2015
M. Elie,0.0,0.0,0.0,0.0,0.0,0.0,0.0,0.0,0.0,2015
S. Skiles,0.0,0.0,0.0,0.0,0.0,0.0,0.0,0.0,0.0,2015
C. Mills,0.0,0.0,0.0,0.0,0.0,0.0,0.0,0.0,0.0,2015
L. Hudson,0.4,0.46153846153846156,-0.06153846153846154,1.0,0.08695652173913043,0.9130434782608696,5.099999999999999,0.14130434782608695,4.958695652173912,2015
D. Wear,0.0,0.0,0.0,0.0,0.0,0.0,0.15,-0.03260869565217391,0.1826086956521739,2015
E. Piatkowski,0.0,0.0,0.0,0.0,0.0,0.0,0.0,0.0,0.0,2015
W. Xuemeng,0.0,0.0,0.0,0.0,0.0,0.0,0.0,0.0,0.0,2015
J. McNeal,0.5,0.14285714285714285,0.35714285714285715,0.0,0.10869565217391304,-0.10869565217391304,3.7500000000000004,-0.1760869565217391,3.92608695652174,2015
H. Davis,0.0,0.0,0.0,0.0,0.0,0.0,0.0,0.0,0.0,2015
D. Buycks,0.5238095238095238,0.3684210526315789,0.1553884711779449,2.5,0.15217391304347827,2.3478260869565215,10.0,0.09130434782608698,9.908695652173913,2015
L. Murray,0.0,0.0,0.0,0.0,0.0,0.0,0.0,0.0,0.0,2015
P. George,0.4166666666666667,0.35135135135135137,0.06531531531531531,2.5,0.15217391304347827,2.3478260869565215,1.4000000000000004,0.3717391304347826,1.0282608695652178,2015
A. Onuaku,0.8,1.0,-0.19999999999999996,1.0,0.0,1.0,6.249999999999998,0.2260869565217391,6.0239130434782595,2015
S. Bhullar,0.5,0.0,0.5,0.0,0.0,0.0,0.6499999999999999,0.0,0.6499999999999999,2015
J. Franklin,0.5,0.0,0.5,1.5,0.0,1.5,-0.8,-0.008695652173913044,-0.791304347826087,2015
V. Blue,0.2,0.35,-0.14999999999999997,2.5,0.021739130434782608,2.4782608695652173,-2.6500000000000004,0.1478260869565218,-2.797826086956522,2015
S. Burrell,0.0,0.0,0.0,0.0,0.0,0.0,0.0,0.0,0.0,2015
B. Williams,0.0,0.0,0.0,0.0,0.0,0.0,0.0,0.0,0.0,2015
B. Phills,0.0,0.0,0.0,0.0,0.0,0.0,0.0,0.0,0.0,2015
